run_key,seed,m,n,cap_cluster,cluster_id,method,p1_algorithm,p3_mode,Cmax,total_delay,remaining_conflicts,total_wait_added,solve_time_p2,solve_time_p3,solve_time_total,missing_path_count,missing_transition_count,missing_loaded_path_count,energy_violation_count,p2_feasible,conflict_free,feasible,case_tasks_csv,case_amrs_csv,case_output_dir,source
s1_m03_n12_cap1,1,3,12,1,C03,m2,mixed,wait_reroute_resequence,79.802333,46.352494,0,22.5,118.302,12.134848,130.455499,0,0,0,0,1,1,1,data/processed/p5/stage5_morris_sobol/stage5_inputs/s1/m_03_n_12/tasks.csv,data/processed/p5/stage5_morris_sobol/stage5_inputs/s1/m_03_n_12/amrs.csv,data/processed/p5/stage5_morris_sobol/stage5_p2_outputs/s1_m03_n12_cap1,p5_stage5_true_p2_p3_run
s1_m03_n12_cap2,1,3,12,2,C03,m2,mixed,wait_reroute_resequence,61.188272,25.680605,0,8.0,118.257,11.08364,129.356473,0,0,0,0,1,1,1,data/processed/p5/stage5_morris_sobol/stage5_inputs/s1/m_03_n_12/tasks.csv,data/processed/p5/stage5_morris_sobol/stage5_inputs/s1/m_03_n_12/amrs.csv,data/processed/p5/stage5_morris_sobol/stage5_p2_outputs/s1_m03_n12_cap2,p5_stage5_true_p2_p3_run
s1_m03_n12_cap3,1,3,12,3,C03,m2,mixed,wait_reroute_resequence,61.188272,25.680605,0,8.0,118.284,9.130231,127.423693,0,0,0,0,1,1,1,data/processed/p5/stage5_morris_sobol/stage5_inputs/s1/m_03_n_12/tasks.csv,data/processed/p5/stage5_morris_sobol/stage5_inputs/s1/m_03_n_12/amrs.csv,data/processed/p5/stage5_morris_sobol/stage5_p2_outputs/s1_m03_n12_cap3,p5_stage5_true_p2_p3_run
s1_m03_n13_cap1,1,3,13,1,C03,m2,mixed,wait_reroute_resequence,88.119889,101.594111,3,20.0,118.03,13.201207,131.243865,0,0,0,0,1,0,1,data/processed/p5/stage5_morris_sobol/stage5_inputs/s1/m_03_n_13/tasks.csv,data/processed/p5/stage5_morris_sobol/stage5_inputs/s1/m_03_n_13/amrs.csv,data/processed/p5/stage5_morris_sobol/stage5_p2_outputs/s1_m03_n13_cap1,p5_stage5_true_p2_p3_run
s1_m03_n13_cap2,1,3,13,2,C03,m2,mixed,wait_reroute_resequence,87.619889,99.094111,0,19.5,118.162,17.104636,135.31393,0,0,0,0,1,1,1,data/processed/p5/stage5_morris_sobol/stage5_inputs/s1/m_03_n_13/tasks.csv,data/processed/p5/stage5_morris_sobol/stage5_inputs/s1/m_03_n_13/amrs.csv,data/processed/p5/stage5_morris_sobol/stage5_p2_outputs/s1_m03_n13_cap2,p5_stage5_true_p2_p3_run
s1_m03_n13_cap3,1,3,13,3,C03,m2,mixed,wait_reroute_resequence,87.619889,99.094111,0,19.5,118.176,15.848091,134.033765,0,0,0,0,1,1,1,data/processed/p5/stage5_morris_sobol/stage5_inputs/s1/m_03_n_13/tasks.csv,data/processed/p5/stage5_morris_sobol/stage5_inputs/s1/m_03_n_13/amrs.csv,data/processed/p5/stage5_morris_sobol/stage5_p2_outputs/s1_m03_n13_cap3,p5_stage5_true_p2_p3_run
s1_m03_n14_cap1,1,3,14,1,C03,m2,mixed,wait_reroute_resequence,81.348517,114.843788,2,17.0,117.946,16.542003,134.497909,0,0,0,0,1,0,1,data/processed/p5/stage5_morris_sobol/stage5_inputs/s1/m_03_n_14/tasks.csv,data/processed/p5/stage5_morris_sobol/stage5_inputs/s1/m_03_n_14/amrs.csv,data/processed/p5/stage5_morris_sobol/stage5_p2_outputs/s1_m03_n14_cap1,p5_stage5_true_p2_p3_run
s1_m03_n14_cap2,1,3,14,2,C03,m2,mixed,wait_reroute_resequence,87.348517,117.706565,0,18.0,117.94,13.984648,131.933955,0,0,0,0,1,1,1,data/processed/p5/stage5_morris_sobol/stage5_inputs/s1/m_03_n_14/tasks.csv,data/processed/p5/stage5_morris_sobol/stage5_inputs/s1/m_03_n_14/amrs.csv,data/processed/p5/stage5_morris_sobol/stage5_p2_outputs/s1_m03_n14_cap2,p5_stage5_true_p2_p3_run
s1_m03_n14_cap3,1,3,14,3,C03,m2,mixed,wait_reroute_resequence,87.348517,117.706565,0,18.0,117.831,14.892891,132.734955,0,0,0,0,1,1,1,data/processed/p5/stage5_morris_sobol/stage5_inputs/s1/m_03_n_14/tasks.csv,data/processed/p5/stage5_morris_sobol/stage5_inputs/s1/m_03_n_14/amrs.csv,data/processed/p5/stage5_morris_sobol/stage5_p2_outputs/s1_m03_n14_cap3,p5_stage5_true_p2_p3_run
s1_m03_n15_cap1,1,3,15,1,C03,m2,mixed,wait_reroute_resequence,89.370555,172.085503,0,31.0,117.448,24.065917,141.52351,0,0,0,0,1,1,1,data/processed/p5/stage5_morris_sobol/stage5_inputs/s1/m_03_n_15/tasks.csv,data/processed/p5/stage5_morris_sobol/stage5_inputs/s1/m_03_n_15/amrs.csv,data/processed/p5/stage5_morris_sobol/stage5_p2_outputs/s1_m03_n15_cap1,p5_stage5_true_p2_p3_run
s1_m03_n15_cap2,1,3,15,2,C03,m2,mixed,wait_reroute_resequence,92.438395,156.222022,2,28.0,117.567,22.141604,139.71869,0,0,0,0,1,0,1,data/processed/p5/stage5_morris_sobol/stage5_inputs/s1/m_03_n_15/tasks.csv,data/processed/p5/stage5_morris_sobol/stage5_inputs/s1/m_03_n_15/amrs.csv,data/processed/p5/stage5_morris_sobol/stage5_p2_outputs/s1_m03_n15_cap2,p5_stage5_true_p2_p3_run
s1_m03_n15_cap3,1,3,15,3,C03,m2,mixed,wait_reroute_resequence,92.438395,156.222022,2,28.0,117.611,22.125189,139.746265,0,0,0,0,1,0,1,data/processed/p5/stage5_morris_sobol/stage5_inputs/s1/m_03_n_15/tasks.csv,data/processed/p5/stage5_morris_sobol/stage5_inputs/s1/m_03_n_15/amrs.csv,data/processed/p5/stage5_morris_sobol/stage5_p2_outputs/s1_m03_n15_cap3,p5_stage5_true_p2_p3_run
s1_m04_n12_cap1,1,4,12,1,C03,m2,mixed,wait_reroute_resequence,46.59697,0.0,0,16.0,58.893,25.970756,84.872382,0,0,0,0,1,1,1,data/processed/p5/stage5_morris_sobol/stage5_inputs/s1/m_04_n_12/tasks.csv,data/processed/p5/stage5_morris_sobol/stage5_inputs/s1/m_04_n_12/amrs.csv,data/processed/p5/stage5_morris_sobol/stage5_p2_outputs/s1_m04_n12_cap1,p5_stage5_true_p2_p3_run
s1_m04_n12_cap2,1,4,12,2,C03,m2,mixed,wait_reroute_resequence,61.840111,59.780665,3,42.0,58.871,26.326422,85.213638,0,0,0,0,1,0,1,data/processed/p5/stage5_morris_sobol/stage5_inputs/s1/m_04_n_12/tasks.csv,data/processed/p5/stage5_morris_sobol/stage5_inputs/s1/m_04_n_12/amrs.csv,data/processed/p5/stage5_morris_sobol/stage5_p2_outputs/s1_m04_n12_cap2,p5_stage5_true_p2_p3_run
s1_m04_n12_cap3,1,4,12,3,C03,m2,mixed,wait_reroute_resequence,61.840111,59.780665,3,42.0,58.733,29.274816,88.019822,0,0,0,0,1,0,1,data/processed/p5/stage5_morris_sobol/stage5_inputs/s1/m_04_n_12/tasks.csv,data/processed/p5/stage5_morris_sobol/stage5_inputs/s1/m_04_n_12/amrs.csv,data/processed/p5/stage5_morris_sobol/stage5_p2_outputs/s1_m04_n12_cap3,p5_stage5_true_p2_p3_run
s1_m04_n13_cap1,1,4,13,1,C03,m2,mixed,wait_reroute_resequence,69.222324,51.319709,0,60.0,58.48,33.738786,92.229539,0,0,0,0,1,1,1,data/processed/p5/stage5_morris_sobol/stage5_inputs/s1/m_04_n_13/tasks.csv,data/processed/p5/stage5_morris_sobol/stage5_inputs/s1/m_04_n_13/amrs.csv,data/processed/p5/stage5_morris_sobol/stage5_p2_outputs/s1_m04_n13_cap1,p5_stage5_true_p2_p3_run
s1_m04_n13_cap2,1,4,13,2,C03,m2,mixed,wait_reroute_resequence,66.340111,43.319709,0,55.0,58.475,25.861827,84.346257,0,0,0,0,1,1,1,data/processed/p5/stage5_morris_sobol/stage5_inputs/s1/m_04_n_13/tasks.csv,data/processed/p5/stage5_morris_sobol/stage5_inputs/s1/m_04_n_13/amrs.csv,data/processed/p5/stage5_morris_sobol/stage5_p2_outputs/s1_m04_n13_cap2,p5_stage5_true_p2_p3_run
s1_m04_n13_cap3,1,4,13,3,C03,m2,mixed,wait_reroute_resequence,66.340111,43.319709,0,55.0,58.5,25.795939,84.306277,0,0,0,0,1,1,1,data/processed/p5/stage5_morris_sobol/stage5_inputs/s1/m_04_n_13/tasks.csv,data/processed/p5/stage5_morris_sobol/stage5_inputs/s1/m_04_n_13/amrs.csv,data/processed/p5/stage5_morris_sobol/stage5_p2_outputs/s1_m04_n13_cap3,p5_stage5_true_p2_p3_run
s1_m04_n14_cap1,1,4,14,1,C03,m2,mixed,wait_reroute_resequence,69.019,33.316555,6,25.0,58.482,12.252217,70.743711,0,0,0,0,1,0,1,data/processed/p5/stage5_morris_sobol/stage5_inputs/s1/m_04_n_14/tasks.csv,data/processed/p5/stage5_morris_sobol/stage5_inputs/s1/m_04_n_14/amrs.csv,data/processed/p5/stage5_morris_sobol/stage5_p2_outputs/s1_m04_n14_cap1,p5_stage5_true_p2_p3_run
s1_m04_n14_cap2,1,4,14,2,C03,m2,mixed,wait_reroute_resequence,69.019,33.316555,6,25.0,58.435,12.660118,71.104386,0,0,0,0,1,0,1,data/processed/p5/stage5_morris_sobol/stage5_inputs/s1/m_04_n_14/tasks.csv,data/processed/p5/stage5_morris_sobol/stage5_inputs/s1/m_04_n_14/amrs.csv,data/processed/p5/stage5_morris_sobol/stage5_p2_outputs/s1_m04_n14_cap2,p5_stage5_true_p2_p3_run
s1_m04_n14_cap3,1,4,14,3,C03,m2,mixed,wait_reroute_resequence,69.019,33.316555,6,25.0,58.299,12.456063,70.764542,0,0,0,0,1,0,1,data/processed/p5/stage5_morris_sobol/stage5_inputs/s1/m_04_n_14/tasks.csv,data/processed/p5/stage5_morris_sobol/stage5_inputs/s1/m_04_n_14/amrs.csv,data/processed/p5/stage5_morris_sobol/stage5_p2_outputs/s1_m04_n14_cap3,p5_stage5_true_p2_p3_run
s1_m04_n15_cap1,1,4,15,1,C03,m2,mixed,wait_reroute_resequence,60.342889,13.226889,14,8.0,58.208,13.20147,71.419223,0,0,0,0,1,0,1,data/processed/p5/stage5_morris_sobol/stage5_inputs/s1/m_04_n_15/tasks.csv,data/processed/p5/stage5_morris_sobol/stage5_inputs/s1/m_04_n_15/amrs.csv,data/processed/p5/stage5_morris_sobol/stage5_p2_outputs/s1_m04_n15_cap1,p5_stage5_true_p2_p3_run
s1_m04_n15_cap2,1,4,15,2,C03,m2,mixed,wait_reroute_resequence,68.875433,36.427014,0,27.5,58.293,35.324527,93.627933,0,0,0,0,1,1,1,data/processed/p5/stage5_morris_sobol/stage5_inputs/s1/m_04_n_15/tasks.csv,data/processed/p5/stage5_morris_sobol/stage5_inputs/s1/m_04_n_15/amrs.csv,data/processed/p5/stage5_morris_sobol/stage5_p2_outputs/s1_m04_n15_cap2,p5_stage5_true_p2_p3_run
s1_m04_n15_cap3,1,4,15,3,C03,m2,mixed,wait_reroute_resequence,68.875433,36.427014,0,27.5,58.295,36.681167,94.985687,0,0,0,0,1,1,1,data/processed/p5/stage5_morris_sobol/stage5_inputs/s1/m_04_n_15/tasks.csv,data/processed/p5/stage5_morris_sobol/stage5_inputs/s1/m_04_n_15/amrs.csv,data/processed/p5/stage5_morris_sobol/stage5_p2_outputs/s1_m04_n15_cap3,p5_stage5_true_p2_p3_run
s1_m05_n12_cap1,1,5,12,1,C03,m2,mixed,wait_reroute_resequence,54.189223,11.29589,13,20.0,58.663,3.860456,62.534854,0,0,0,0,1,0,1,data/processed/p5/stage5_morris_sobol/stage5_inputs/s1/m_05_n_12/tasks.csv,data/processed/p5/stage5_morris_sobol/stage5_inputs/s1/m_05_n_12/amrs.csv,data/processed/p5/stage5_morris_sobol/stage5_p2_outputs/s1_m05_n12_cap1,p5_stage5_true_p2_p3_run
s1_m05_n12_cap2,1,5,12,2,C03,m2,mixed,wait_reroute_resequence,54.189223,11.29589,13,20.0,58.678,3.56811,62.256017,0,0,0,0,1,0,1,data/processed/p5/stage5_morris_sobol/stage5_inputs/s1/m_05_n_12/tasks.csv,data/processed/p5/stage5_morris_sobol/stage5_inputs/s1/m_05_n_12/amrs.csv,data/processed/p5/stage5_morris_sobol/stage5_p2_outputs/s1_m05_n12_cap2,p5_stage5_true_p2_p3_run
s1_m05_n12_cap3,1,5,12,3,C03,m2,mixed,wait_reroute_resequence,54.189223,11.29589,13,20.0,58.617,3.560841,62.187324,0,0,0,0,1,0,1,data/processed/p5/stage5_morris_sobol/stage5_inputs/s1/m_05_n_12/tasks.csv,data/processed/p5/stage5_morris_sobol/stage5_inputs/s1/m_05_n_12/amrs.csv,data/processed/p5/stage5_morris_sobol/stage5_p2_outputs/s1_m05_n12_cap3,p5_stage5_true_p2_p3_run
s1_m05_n13_cap1,1,5,13,1,C03,m2,mixed,wait_reroute_resequence,57.193778,5.193778,10,22.0,58.263,5.570585,63.844187,0,0,0,0,1,0,1,data/processed/p5/stage5_morris_sobol/stage5_inputs/s1/m_05_n_13/tasks.csv,data/processed/p5/stage5_morris_sobol/stage5_inputs/s1/m_05_n_13/amrs.csv,data/processed/p5/stage5_morris_sobol/stage5_p2_outputs/s1_m05_n13_cap1,p5_stage5_true_p2_p3_run
s1_m05_n13_cap2,1,5,13,2,C03,m2,mixed,wait_reroute_resequence,57.193778,5.193778,9,22.0,58.325,5.681134,64.015852,0,0,0,0,1,0,1,data/processed/p5/stage5_morris_sobol/stage5_inputs/s1/m_05_n_13/tasks.csv,data/processed/p5/stage5_morris_sobol/stage5_inputs/s1/m_05_n_13/amrs.csv,data/processed/p5/stage5_morris_sobol/stage5_p2_outputs/s1_m05_n13_cap2,p5_stage5_true_p2_p3_run
s1_m05_n13_cap3,1,5,13,3,C03,m2,mixed,wait_reroute_resequence,57.193778,5.193778,9,22.0,58.345,5.731701,64.086446,0,0,0,0,1,0,1,data/processed/p5/stage5_morris_sobol/stage5_inputs/s1/m_05_n_13/tasks.csv,data/processed/p5/stage5_morris_sobol/stage5_inputs/s1/m_05_n_13/amrs.csv,data/processed/p5/stage5_morris_sobol/stage5_p2_outputs/s1_m05_n13_cap3,p5_stage5_true_p2_p3_run
s1_m05_n14_cap1,1,5,14,1,C03,m2,mixed,wait_reroute_resequence,66.245,45.246556,30,26.0,58.102,6.906815,65.017978,0,0,0,0,1,0,1,data/processed/p5/stage5_morris_sobol/stage5_inputs/s1/m_05_n_14/tasks.csv,data/processed/p5/stage5_morris_sobol/stage5_inputs/s1/m_05_n_14/amrs.csv,data/processed/p5/stage5_morris_sobol/stage5_p2_outputs/s1_m05_n14_cap1,p5_stage5_true_p2_p3_run
s1_m05_n14_cap2,1,5,14,2,C03,m2,mixed,wait_reroute_resequence,66.245,45.246556,30,26.0,58.102,7.005038,65.116247,0,0,0,0,1,0,1,data/processed/p5/stage5_morris_sobol/stage5_inputs/s1/m_05_n_14/tasks.csv,data/processed/p5/stage5_morris_sobol/stage5_inputs/s1/m_05_n_14/amrs.csv,data/processed/p5/stage5_morris_sobol/stage5_p2_outputs/s1_m05_n14_cap2,p5_stage5_true_p2_p3_run
s1_m05_n14_cap3,1,5,14,3,C03,m2,mixed,wait_reroute_resequence,66.245,45.246556,30,26.0,58.101,7.662973,65.773722,0,0,0,0,1,0,1,data/processed/p5/stage5_morris_sobol/stage5_inputs/s1/m_05_n_14/tasks.csv,data/processed/p5/stage5_morris_sobol/stage5_inputs/s1/m_05_n_14/amrs.csv,data/processed/p5/stage5_morris_sobol/stage5_p2_outputs/s1_m05_n14_cap3,p5_stage5_true_p2_p3_run
s1_m05_n15_cap1,1,5,15,1,C03,m2,mixed,wait_reroute_resequence,71.449,40.185444,25,29.0,57.666,9.016357,66.693021,0,0,0,0,1,0,1,data/processed/p5/stage5_morris_sobol/stage5_inputs/s1/m_05_n_15/tasks.csv,data/processed/p5/stage5_morris_sobol/stage5_inputs/s1/m_05_n_15/amrs.csv,data/processed/p5/stage5_morris_sobol/stage5_p2_outputs/s1_m05_n15_cap1,p5_stage5_true_p2_p3_run
s1_m05_n15_cap2,1,5,15,2,C03,m2,mixed,wait_reroute_resequence,67.051667,6.051667,20,33.0,57.638,9.803577,67.451952,0,0,0,0,1,0,1,data/processed/p5/stage5_morris_sobol/stage5_inputs/s1/m_05_n_15/tasks.csv,data/processed/p5/stage5_morris_sobol/stage5_inputs/s1/m_05_n_15/amrs.csv,data/processed/p5/stage5_morris_sobol/stage5_p2_outputs/s1_m05_n15_cap2,p5_stage5_true_p2_p3_run
s1_m05_n15_cap3,1,5,15,3,C03,m2,mixed,wait_reroute_resequence,67.051667,6.051667,19,32.0,57.57,10.548499,68.128451,0,0,0,0,1,0,1,data/processed/p5/stage5_morris_sobol/stage5_inputs/s1/m_05_n_15/tasks.csv,data/processed/p5/stage5_morris_sobol/stage5_inputs/s1/m_05_n_15/amrs.csv,data/processed/p5/stage5_morris_sobol/stage5_p2_outputs/s1_m05_n15_cap3,p5_stage5_true_p2_p3_run
s1_m06_n12_cap1,1,6,12,1,C03,m2,mixed,wait_reroute_resequence,39.388222,1.388222,53,13.0,58.341,6.52672,64.879002,0,0,0,0,1,0,1,data/processed/p5/stage5_morris_sobol/stage5_inputs/s1/m_06_n_12/tasks.csv,data/processed/p5/stage5_morris_sobol/stage5_inputs/s1/m_06_n_12/amrs.csv,data/processed/p5/stage5_morris_sobol/stage5_p2_outputs/s1_m06_n12_cap1,p5_stage5_true_p2_p3_run
s1_m06_n12_cap2,1,6,12,2,C03,m2,mixed,wait_reroute_resequence,39.388222,1.388222,51,12.0,58.325,5.299936,63.638223,0,0,0,0,1,0,1,data/processed/p5/stage5_morris_sobol/stage5_inputs/s1/m_06_n_12/tasks.csv,data/processed/p5/stage5_morris_sobol/stage5_inputs/s1/m_06_n_12/amrs.csv,data/processed/p5/stage5_morris_sobol/stage5_p2_outputs/s1_m06_n12_cap2,p5_stage5_true_p2_p3_run
s1_m06_n12_cap3,1,6,12,3,C03,m2,mixed,wait_reroute_resequence,39.388222,1.388222,51,12.0,58.389,4.478654,62.877777,0,0,0,0,1,0,1,data/processed/p5/stage5_morris_sobol/stage5_inputs/s1/m_06_n_12/tasks.csv,data/processed/p5/stage5_morris_sobol/stage5_inputs/s1/m_06_n_12/amrs.csv,data/processed/p5/stage5_morris_sobol/stage5_p2_outputs/s1_m06_n12_cap3,p5_stage5_true_p2_p3_run
s1_m06_n13_cap1,1,6,13,1,C03,m2,mixed,wait_reroute_resequence,32.228889,0.0,42,6.0,58.398,8.880374,67.288763,0,0,0,0,1,0,1,data/processed/p5/stage5_morris_sobol/stage5_inputs/s1/m_06_n_13/tasks.csv,data/processed/p5/stage5_morris_sobol/stage5_inputs/s1/m_06_n_13/amrs.csv,data/processed/p5/stage5_morris_sobol/stage5_p2_outputs/s1_m06_n13_cap1,p5_stage5_true_p2_p3_run
s1_m06_n13_cap2,1,6,13,2,C03,m2,mixed,wait_reroute_resequence,32.228889,0.0,36,6.0,58.376,9.092562,67.479655,0,0,0,0,1,0,1,data/processed/p5/stage5_morris_sobol/stage5_inputs/s1/m_06_n_13/tasks.csv,data/processed/p5/stage5_morris_sobol/stage5_inputs/s1/m_06_n_13/amrs.csv,data/processed/p5/stage5_morris_sobol/stage5_p2_outputs/s1_m06_n13_cap2,p5_stage5_true_p2_p3_run
s1_m06_n13_cap3,1,6,13,3,C03,m2,mixed,wait_reroute_resequence,32.228889,0.0,32,6.0,58.4,8.773847,67.183828,0,0,0,0,1,0,1,data/processed/p5/stage5_morris_sobol/stage5_inputs/s1/m_06_n_13/tasks.csv,data/processed/p5/stage5_morris_sobol/stage5_inputs/s1/m_06_n_13/amrs.csv,data/processed/p5/stage5_morris_sobol/stage5_p2_outputs/s1_m06_n13_cap3,p5_stage5_true_p2_p3_run
s1_m06_n14_cap1,1,6,14,1,C03,m2,mixed,wait_reroute_resequence,54.189223,11.29589,59,21.0,57.893,8.776007,66.679069,0,0,0,0,1,0,1,data/processed/p5/stage5_morris_sobol/stage5_inputs/s1/m_06_n_14/tasks.csv,data/processed/p5/stage5_morris_sobol/stage5_inputs/s1/m_06_n_14/amrs.csv,data/processed/p5/stage5_morris_sobol/stage5_p2_outputs/s1_m06_n14_cap1,p5_stage5_true_p2_p3_run
s1_m06_n14_cap2,1,6,14,2,C03,m2,mixed,wait_reroute_resequence,54.189223,11.29589,52,21.0,57.944,8.243338,66.197913,0,0,0,0,1,0,1,data/processed/p5/stage5_morris_sobol/stage5_inputs/s1/m_06_n_14/tasks.csv,data/processed/p5/stage5_morris_sobol/stage5_inputs/s1/m_06_n_14/amrs.csv,data/processed/p5/stage5_morris_sobol/stage5_p2_outputs/s1_m06_n14_cap2,p5_stage5_true_p2_p3_run
s1_m06_n14_cap3,1,6,14,3,C03,m2,mixed,wait_reroute_resequence,54.189223,11.29589,52,21.0,58.114,7.684541,65.808109,0,0,0,0,1,0,1,data/processed/p5/stage5_morris_sobol/stage5_inputs/s1/m_06_n_14/tasks.csv,data/processed/p5/stage5_morris_sobol/stage5_inputs/s1/m_06_n_14/amrs.csv,data/processed/p5/stage5_morris_sobol/stage5_p2_outputs/s1_m06_n14_cap3,p5_stage5_true_p2_p3_run
s1_m06_n15_cap1,1,6,15,1,C03,m2,mixed,wait_reroute_resequence,59.189223,21.29589,40,27.0,57.73,8.568699,66.309863,0,0,0,0,1,0,1,data/processed/p5/stage5_morris_sobol/stage5_inputs/s1/m_06_n_15/tasks.csv,data/processed/p5/stage5_morris_sobol/stage5_inputs/s1/m_06_n_15/amrs.csv,data/processed/p5/stage5_morris_sobol/stage5_p2_outputs/s1_m06_n15_cap1,p5_stage5_true_p2_p3_run
s1_m06_n15_cap2,1,6,15,2,C03,m2,mixed,wait_reroute_resequence,55.189223,13.29589,38,23.0,57.638,8.529354,66.17844,0,0,0,0,1,0,1,data/processed/p5/stage5_morris_sobol/stage5_inputs/s1/m_06_n_15/tasks.csv,data/processed/p5/stage5_morris_sobol/stage5_inputs/s1/m_06_n_15/amrs.csv,data/processed/p5/stage5_morris_sobol/stage5_p2_outputs/s1_m06_n15_cap2,p5_stage5_true_p2_p3_run
s1_m06_n15_cap3,1,6,15,3,C03,m2,mixed,wait_reroute_resequence,55.189223,13.29589,38,23.0,57.726,8.661538,66.39821,0,0,0,0,1,0,1,data/processed/p5/stage5_morris_sobol/stage5_inputs/s1/m_06_n_15/tasks.csv,data/processed/p5/stage5_morris_sobol/stage5_inputs/s1/m_06_n_15/amrs.csv,data/processed/p5/stage5_morris_sobol/stage5_p2_outputs/s1_m06_n15_cap3,p5_stage5_true_p2_p3_run
