path_uid,from_node,to_node,path_id,cell_index,row,col,x,y,is_dynamic
IN1__IN2__path_1,IN1,IN2,path_1,0,,,0.0,1.0,0
IN1__IN2__path_1,IN1,IN2,path_1,1,,,0.0,5.0,0
IN1__P1__path_1,IN1,P1,path_1,0,,,0.0,1.0,0
IN1__P1__path_1,IN1,P1,path_1,1,,,3.12,0.95,0
IN1__P2__path_1,IN1,P2,path_1,0,,,0.0,1.0,0
IN1__P2__path_1,IN1,P2,path_1,1,,,3.23,2.92,0
IN1__P2__path_1,IN1,P2,path_1,2,,,4.32,2.92,0
IN1__P2__path_1,IN1,P2,path_1,3,,,4.36,2.35,0
IN1__P3__path_1,IN1,P3,path_1,0,,,0.0,1.0,0
IN1__P3__path_1,IN1,P3,path_1,1,,,3.72,5.25,0
IN1__P4__path_1,IN1,P4,path_1,0,,,0.0,1.0,0
IN1__P4__path_1,IN1,P4,path_1,1,,,3.23,0.53,0
IN1__P4__path_1,IN1,P4,path_1,2,,,4.32,0.53,0
IN1__P4__path_1,IN1,P4,path_1,3,,,5.05,1.35,0
IN1__P5__path_1,IN1,P5,path_1,0,,,0.0,1.0,0
IN1__P5__path_1,IN1,P5,path_1,1,,,3.23,2.92,0
IN1__P5__path_1,IN1,P5,path_1,2,,,5.03,3.82,0
IN1__P5__path_1,IN1,P5,path_1,3,,,5.62,4.1,0
IN1__P6__path_1,IN1,P6,path_1,0,,,0.0,1.0,0
IN1__P6__path_1,IN1,P6,path_1,1,,,5.32,4.43,0
IN1__P6__path_1,IN1,P6,path_1,2,,,6.33,5.52,0
IN1__P6__path_1,IN1,P6,path_1,3,,,7.98,5.55,0
IN1__P7__path_1,IN1,P7,path_1,0,,,0.0,1.0,0
IN1__P7__path_1,IN1,P7,path_1,1,,,3.23,0.53,0
IN1__P7__path_1,IN1,P7,path_1,2,,,4.32,0.53,0
IN1__P7__path_1,IN1,P7,path_1,3,,,6.57,0.58,0
IN1__P7__path_1,IN1,P7,path_1,4,,,7.38,1.0,0
IN1__P8__path_1,IN1,P8,path_1,0,,,0.0,1.0,0
IN1__P8__path_1,IN1,P8,path_1,1,,,3.23,2.92,0
IN1__P8__path_1,IN1,P8,path_1,2,,,5.03,3.82,0
IN1__P8__path_1,IN1,P8,path_1,3,,,6.32,3.82,0
IN1__P8__path_1,IN1,P8,path_1,4,,,7.72,3.62,0
IN1__P8__path_1,IN1,P8,path_1,5,,,8.62,3.02,0
IN1__P8__path_1,IN1,P8,path_1,6,,,8.72,2.35,0
IN1__P9__path_1,IN1,P9,path_1,0,,,0.0,1.0,0
IN1__P9__path_1,IN1,P9,path_1,1,,,5.32,4.43,0
IN1__P9__path_1,IN1,P9,path_1,2,,,6.2,5.05,0
IN1__SORT1__path_1,IN1,SORT1,path_1,0,,,0.0,1.0,0
IN1__SORT1__path_1,IN1,SORT1,path_1,1,,,3.23,0.53,0
IN1__SORT1__path_1,IN1,SORT1,path_1,2,,,4.32,0.53,0
IN1__SORT1__path_1,IN1,SORT1,path_1,3,,,6.57,0.58,0
IN1__SORT1__path_1,IN1,SORT1,path_1,4,,,8.62,0.73,0
IN1__SORT1__path_1,IN1,SORT1,path_1,5,,,9.72,2.16,0
IN1__SORT2__path_1,IN1,SORT2,path_1,0,,,0.0,1.0,0
IN1__SORT2__path_1,IN1,SORT2,path_1,1,,,3.23,2.92,0
IN1__SORT2__path_1,IN1,SORT2,path_1,2,,,5.03,3.82,0
IN1__SORT2__path_1,IN1,SORT2,path_1,3,,,10.36,4.05,0
IN1__OUT1__path_1,IN1,OUT1,path_1,0,,,0.0,1.0,0
IN1__OUT1__path_1,IN1,OUT1,path_1,1,,,3.23,0.53,0
IN1__OUT1__path_1,IN1,OUT1,path_1,2,,,4.32,0.53,0
IN1__OUT1__path_1,IN1,OUT1,path_1,3,,,6.57,0.58,0
IN1__OUT1__path_1,IN1,OUT1,path_1,4,,,8.62,0.73,0
IN1__OUT1__path_1,IN1,OUT1,path_1,5,,,12.0,2.0,0
IN1__OUT2__path_1,IN1,OUT2,path_1,0,,,0.0,1.0,0
IN1__OUT2__path_1,IN1,OUT2,path_1,1,,,3.23,2.92,0
IN1__OUT2__path_1,IN1,OUT2,path_1,2,,,5.03,3.82,0
IN1__OUT2__path_1,IN1,OUT2,path_1,3,,,12.0,4.0,0
IN1__CHG1__path_1,IN1,CHG1,path_1,0,,,0.0,1.0,0
IN1__CHG1__path_1,IN1,CHG1,path_1,1,,,1.0,0.0,0
IN1__CHG2__path_1,IN1,CHG2,path_1,0,,,0.0,1.0,0
IN1__CHG2__path_1,IN1,CHG2,path_1,1,,,3.23,0.53,0
IN1__CHG2__path_1,IN1,CHG2,path_1,2,,,9.0,0.0,0
IN2__IN1__path_1,IN2,IN1,path_1,0,,,0.0,5.0,0
IN2__IN1__path_1,IN2,IN1,path_1,1,,,0.0,1.0,0
IN2__P1__path_1,IN2,P1,path_1,0,,,0.0,5.0,0
IN2__P1__path_1,IN2,P1,path_1,1,,,3.12,0.95,0
IN2__P2__path_1,IN2,P2,path_1,0,,,0.0,5.0,0
IN2__P2__path_1,IN2,P2,path_1,1,,,4.32,2.92,0
IN2__P2__path_1,IN2,P2,path_1,2,,,4.36,2.35,0
IN2__P3__path_1,IN2,P3,path_1,0,,,0.0,5.0,0
IN2__P3__path_1,IN2,P3,path_1,1,,,3.72,5.25,0
IN2__P4__path_1,IN2,P4,path_1,0,,,0.0,5.0,0
IN2__P4__path_1,IN2,P4,path_1,1,,,4.32,2.92,0
IN2__P4__path_1,IN2,P4,path_1,2,,,5.05,1.35,0
IN2__P5__path_1,IN2,P5,path_1,0,,,0.0,5.0,0
IN2__P5__path_1,IN2,P5,path_1,1,,,5.62,4.1,0
IN2__P6__path_1,IN2,P6,path_1,0,,,0.0,5.0,0
IN2__P6__path_1,IN2,P6,path_1,1,,,3.83,5.92,0
IN2__P6__path_1,IN2,P6,path_1,2,,,5.32,5.92,0
IN2__P6__path_1,IN2,P6,path_1,3,,,7.98,5.55,0
IN2__P7__path_1,IN2,P7,path_1,0,,,0.0,5.0,0
IN2__P7__path_1,IN2,P7,path_1,1,,,5.03,2.93,0
IN2__P7__path_1,IN2,P7,path_1,2,,,6.57,2.57,0
IN2__P7__path_1,IN2,P7,path_1,3,,,7.38,1.0,0
IN2__P8__path_1,IN2,P8,path_1,0,,,0.0,5.0,0
IN2__P8__path_1,IN2,P8,path_1,1,,,7.72,3.62,0
IN2__P8__path_1,IN2,P8,path_1,2,,,8.62,3.02,0
IN2__P8__path_1,IN2,P8,path_1,3,,,8.72,2.35,0
IN2__P9__path_1,IN2,P9,path_1,0,,,0.0,5.0,0
IN2__P9__path_1,IN2,P9,path_1,1,,,3.83,4.43,0
IN2__P9__path_1,IN2,P9,path_1,2,,,5.32,4.43,0
IN2__P9__path_1,IN2,P9,path_1,3,,,6.2,5.05,0
IN2__SORT1__path_1,IN2,SORT1,path_1,0,,,0.0,5.0,0
IN2__SORT1__path_1,IN2,SORT1,path_1,1,,,7.72,3.62,0
IN2__SORT1__path_1,IN2,SORT1,path_1,2,,,8.62,3.02,0
IN2__SORT1__path_1,IN2,SORT1,path_1,3,,,9.72,2.16,0
IN2__SORT2__path_1,IN2,SORT2,path_1,0,,,0.0,5.0,0
IN2__SORT2__path_1,IN2,SORT2,path_1,1,,,3.83,4.43,0
IN2__SORT2__path_1,IN2,SORT2,path_1,2,,,10.36,4.05,0
IN2__OUT1__path_1,IN2,OUT1,path_1,0,,,0.0,5.0,0
IN2__OUT1__path_1,IN2,OUT1,path_1,1,,,7.72,3.62,0
IN2__OUT1__path_1,IN2,OUT1,path_1,2,,,12.0,2.0,0
IN2__OUT2__path_1,IN2,OUT2,path_1,0,,,0.0,5.0,0
IN2__OUT2__path_1,IN2,OUT2,path_1,1,,,3.83,4.43,0
IN2__OUT2__path_1,IN2,OUT2,path_1,2,,,12.0,4.0,0
IN2__CHG1__path_1,IN2,CHG1,path_1,0,,,0.0,5.0,0
IN2__CHG1__path_1,IN2,CHG1,path_1,1,,,1.0,0.0,0
IN2__CHG2__path_1,IN2,CHG2,path_1,0,,,0.0,5.0,0
IN2__CHG2__path_1,IN2,CHG2,path_1,1,,,5.03,2.93,0
IN2__CHG2__path_1,IN2,CHG2,path_1,2,,,6.57,2.57,0
IN2__CHG2__path_1,IN2,CHG2,path_1,3,,,7.53,0.73,0
IN2__CHG2__path_1,IN2,CHG2,path_1,4,,,9.0,0.0,0
P1__IN1__path_1,P1,IN1,path_1,0,,,3.12,0.95,0
P1__IN1__path_1,P1,IN1,path_1,1,,,0.0,1.0,0
P1__IN2__path_1,P1,IN2,path_1,0,,,3.12,0.95,0
P1__IN2__path_1,P1,IN2,path_1,1,,,0.0,5.0,0
P1__P2__path_1,P1,P2,path_1,0,,,3.12,0.95,0
P1__P2__path_1,P1,P2,path_1,1,,,3.23,0.53,0
P1__P2__path_1,P1,P2,path_1,2,,,4.32,0.53,0
P1__P2__path_1,P1,P2,path_1,3,,,4.36,2.35,0
P1__P3__path_1,P1,P3,path_1,0,,,3.12,0.95,0
P1__P3__path_1,P1,P3,path_1,1,,,3.23,2.92,0
P1__P3__path_1,P1,P3,path_1,2,,,3.72,5.25,0
P1__P4__path_1,P1,P4,path_1,0,,,3.12,0.95,0
P1__P4__path_1,P1,P4,path_1,1,,,3.23,0.53,0
P1__P4__path_1,P1,P4,path_1,2,,,4.32,0.53,0
P1__P4__path_1,P1,P4,path_1,3,,,5.05,1.35,0
P1__P5__path_1,P1,P5,path_1,0,,,3.12,0.95,0
P1__P5__path_1,P1,P5,path_1,1,,,3.23,2.92,0
P1__P5__path_1,P1,P5,path_1,2,,,5.03,3.82,0
P1__P5__path_1,P1,P5,path_1,3,,,5.62,4.1,0
P1__P6__path_1,P1,P6,path_1,0,,,3.12,0.95,0
P1__P6__path_1,P1,P6,path_1,1,,,3.23,2.92,0
P1__P6__path_1,P1,P6,path_1,2,,,5.32,4.43,0
P1__P6__path_1,P1,P6,path_1,3,,,6.33,5.52,0
P1__P6__path_1,P1,P6,path_1,4,,,7.98,5.55,0
P1__P7__path_1,P1,P7,path_1,0,,,3.12,0.95,0
P1__P7__path_1,P1,P7,path_1,1,,,3.23,0.53,0
P1__P7__path_1,P1,P7,path_1,2,,,4.32,0.53,0
P1__P7__path_1,P1,P7,path_1,3,,,6.57,0.58,0
P1__P7__path_1,P1,P7,path_1,4,,,7.38,1.0,0
P1__P8__path_1,P1,P8,path_1,0,,,3.12,0.95,0
P1__P8__path_1,P1,P8,path_1,1,,,3.23,0.53,0
P1__P8__path_1,P1,P8,path_1,2,,,4.32,0.53,0
P1__P8__path_1,P1,P8,path_1,3,,,6.57,0.58,0
P1__P8__path_1,P1,P8,path_1,4,,,8.62,0.73,0
P1__P8__path_1,P1,P8,path_1,5,,,8.72,2.35,0
P1__P9__path_1,P1,P9,path_1,0,,,3.12,0.95,0
P1__P9__path_1,P1,P9,path_1,1,,,3.23,2.92,0
P1__P9__path_1,P1,P9,path_1,2,,,6.2,5.05,0
P1__SORT1__path_1,P1,SORT1,path_1,0,,,3.12,0.95,0
P1__SORT1__path_1,P1,SORT1,path_1,1,,,3.23,0.53,0
P1__SORT1__path_1,P1,SORT1,path_1,2,,,4.32,0.53,0
P1__SORT1__path_1,P1,SORT1,path_1,3,,,6.57,0.58,0
P1__SORT1__path_1,P1,SORT1,path_1,4,,,8.62,0.73,0
P1__SORT1__path_1,P1,SORT1,path_1,5,,,9.72,2.16,0
P1__SORT2__path_1,P1,SORT2,path_1,0,,,3.12,0.95,0
P1__SORT2__path_1,P1,SORT2,path_1,1,,,3.23,2.92,0
P1__SORT2__path_1,P1,SORT2,path_1,2,,,5.03,3.82,0
P1__SORT2__path_1,P1,SORT2,path_1,3,,,10.36,4.05,0
P1__OUT1__path_1,P1,OUT1,path_1,0,,,3.12,0.95,0
P1__OUT1__path_1,P1,OUT1,path_1,1,,,3.23,0.53,0
P1__OUT1__path_1,P1,OUT1,path_1,2,,,4.32,0.53,0
P1__OUT1__path_1,P1,OUT1,path_1,3,,,6.57,0.58,0
P1__OUT1__path_1,P1,OUT1,path_1,4,,,8.62,0.73,0
P1__OUT1__path_1,P1,OUT1,path_1,5,,,12.0,2.0,0
P1__OUT2__path_1,P1,OUT2,path_1,0,,,3.12,0.95,0
P1__OUT2__path_1,P1,OUT2,path_1,1,,,3.23,0.53,0
P1__OUT2__path_1,P1,OUT2,path_1,2,,,4.32,0.53,0
P1__OUT2__path_1,P1,OUT2,path_1,3,,,6.57,0.58,0
P1__OUT2__path_1,P1,OUT2,path_1,4,,,8.62,0.73,0
P1__OUT2__path_1,P1,OUT2,path_1,5,,,12.0,4.0,0
P1__CHG1__path_1,P1,CHG1,path_1,0,,,3.12,0.95,0
P1__CHG1__path_1,P1,CHG1,path_1,1,,,1.0,0.0,0
P1__CHG2__path_1,P1,CHG2,path_1,0,,,3.12,0.95,0
P1__CHG2__path_1,P1,CHG2,path_1,1,,,3.23,0.53,0
P1__CHG2__path_1,P1,CHG2,path_1,2,,,9.0,0.0,0
P2__IN1__path_1,P2,IN1,path_1,0,,,4.36,2.35,0
P2__IN1__path_1,P2,IN1,path_1,1,,,4.32,2.92,0
P2__IN1__path_1,P2,IN1,path_1,2,,,3.23,2.92,0
P2__IN1__path_1,P2,IN1,path_1,3,,,0.0,1.0,0
P2__IN2__path_1,P2,IN2,path_1,0,,,4.36,2.35,0
P2__IN2__path_1,P2,IN2,path_1,1,,,4.32,2.92,0
P2__IN2__path_1,P2,IN2,path_1,2,,,0.0,5.0,0
P2__P1__path_1,P2,P1,path_1,0,,,4.36,2.35,0
P2__P1__path_1,P2,P1,path_1,1,,,4.32,0.53,0
P2__P1__path_1,P2,P1,path_1,2,,,3.23,0.53,0
P2__P1__path_1,P2,P1,path_1,3,,,3.12,0.95,0
P2__P3__path_1,P2,P3,path_1,0,,,4.36,2.35,0
P2__P3__path_1,P2,P3,path_1,1,,,4.32,2.92,0
P2__P3__path_1,P2,P3,path_1,2,,,3.83,4.43,0
P2__P3__path_1,P2,P3,path_1,3,,,3.72,5.25,0
P2__P4__path_1,P2,P4,path_1,0,,,4.36,2.35,0
P2__P4__path_1,P2,P4,path_1,1,,,5.05,1.35,0
P2__P5__path_1,P2,P5,path_1,0,,,4.36,2.35,0
P2__P5__path_1,P2,P5,path_1,1,,,5.03,3.82,0
P2__P5__path_1,P2,P5,path_1,2,,,5.62,4.1,0
P2__P6__path_1,P2,P6,path_1,0,,,4.36,2.35,0
P2__P6__path_1,P2,P6,path_1,1,,,5.03,3.82,0
P2__P6__path_1,P2,P6,path_1,2,,,6.33,5.52,0
P2__P6__path_1,P2,P6,path_1,3,,,7.98,5.55,0
P2__P7__path_1,P2,P7,path_1,0,,,4.36,2.35,0
P2__P7__path_1,P2,P7,path_1,1,,,5.23,2.57,0
P2__P7__path_1,P2,P7,path_1,2,,,6.57,2.57,0
P2__P7__path_1,P2,P7,path_1,3,,,7.38,1.0,0
P2__P8__path_1,P2,P8,path_1,0,,,4.36,2.35,0
P2__P8__path_1,P2,P8,path_1,1,,,6.32,2.93,0
P2__P8__path_1,P2,P8,path_1,2,,,6.43,3.62,0
P2__P8__path_1,P2,P8,path_1,3,,,7.72,3.62,0
P2__P8__path_1,P2,P8,path_1,4,,,8.62,3.02,0
P2__P8__path_1,P2,P8,path_1,5,,,8.72,2.35,0
P2__P9__path_1,P2,P9,path_1,0,,,4.36,2.35,0
P2__P9__path_1,P2,P9,path_1,1,,,5.03,3.82,0
P2__P9__path_1,P2,P9,path_1,2,,,6.2,5.05,0
P2__SORT1__path_1,P2,SORT1,path_1,0,,,4.36,2.35,0
P2__SORT1__path_1,P2,SORT1,path_1,1,,,6.32,2.93,0
P2__SORT1__path_1,P2,SORT1,path_1,2,,,6.43,3.62,0
P2__SORT1__path_1,P2,SORT1,path_1,3,,,7.72,3.62,0
P2__SORT1__path_1,P2,SORT1,path_1,4,,,8.62,3.02,0
P2__SORT1__path_1,P2,SORT1,path_1,5,,,9.72,2.16,0
P2__SORT2__path_1,P2,SORT2,path_1,0,,,4.36,2.35,0
P2__SORT2__path_1,P2,SORT2,path_1,1,,,6.32,2.93,0
P2__SORT2__path_1,P2,SORT2,path_1,2,,,6.43,3.62,0
P2__SORT2__path_1,P2,SORT2,path_1,3,,,10.36,4.05,0
P2__OUT1__path_1,P2,OUT1,path_1,0,,,4.36,2.35,0
P2__OUT1__path_1,P2,OUT1,path_1,1,,,6.32,2.93,0
P2__OUT1__path_1,P2,OUT1,path_1,2,,,6.43,3.62,0
P2__OUT1__path_1,P2,OUT1,path_1,3,,,7.72,3.62,0
P2__OUT1__path_1,P2,OUT1,path_1,4,,,12.0,2.0,0
P2__OUT2__path_1,P2,OUT2,path_1,0,,,4.36,2.35,0
P2__OUT2__path_1,P2,OUT2,path_1,1,,,6.32,2.93,0
P2__OUT2__path_1,P2,OUT2,path_1,2,,,6.43,3.62,0
P2__OUT2__path_1,P2,OUT2,path_1,3,,,12.0,4.0,0
P2__CHG1__path_1,P2,CHG1,path_1,0,,,4.36,2.35,0
P2__CHG1__path_1,P2,CHG1,path_1,1,,,4.32,0.53,0
P2__CHG1__path_1,P2,CHG1,path_1,2,,,1.0,0.0,0
P2__CHG2__path_1,P2,CHG2,path_1,0,,,4.36,2.35,0
P2__CHG2__path_1,P2,CHG2,path_1,1,,,5.23,0.58,0
P2__CHG2__path_1,P2,CHG2,path_1,2,,,9.0,0.0,0
P3__IN1__path_1,P3,IN1,path_1,0,,,3.72,5.25,0
P3__IN1__path_1,P3,IN1,path_1,1,,,0.0,1.0,0
P3__IN2__path_1,P3,IN2,path_1,0,,,3.72,5.25,0
P3__IN2__path_1,P3,IN2,path_1,1,,,0.0,5.0,0
P3__P1__path_1,P3,P1,path_1,0,,,3.72,5.25,0
P3__P1__path_1,P3,P1,path_1,1,,,3.23,2.92,0
P3__P1__path_1,P3,P1,path_1,2,,,3.12,0.95,0
P3__P2__path_1,P3,P2,path_1,0,,,3.72,5.25,0
P3__P2__path_1,P3,P2,path_1,1,,,3.83,4.43,0
P3__P2__path_1,P3,P2,path_1,2,,,4.32,2.92,0
P3__P2__path_1,P3,P2,path_1,3,,,4.36,2.35,0
P3__P4__path_1,P3,P4,path_1,0,,,3.72,5.25,0
P3__P4__path_1,P3,P4,path_1,1,,,3.83,4.43,0
P3__P4__path_1,P3,P4,path_1,2,,,5.05,1.35,0
P3__P5__path_1,P3,P5,path_1,0,,,3.72,5.25,0
P3__P5__path_1,P3,P5,path_1,1,,,3.83,4.43,0
P3__P5__path_1,P3,P5,path_1,2,,,5.62,4.1,0
P3__P6__path_1,P3,P6,path_1,0,,,3.72,5.25,0
P3__P6__path_1,P3,P6,path_1,1,,,3.83,5.92,0
P3__P6__path_1,P3,P6,path_1,2,,,5.32,5.92,0
P3__P6__path_1,P3,P6,path_1,3,,,7.98,5.55,0
P3__P7__path_1,P3,P7,path_1,0,,,3.72,5.25,0
P3__P7__path_1,P3,P7,path_1,1,,,3.83,4.43,0
P3__P7__path_1,P3,P7,path_1,2,,,5.03,2.93,0
P3__P7__path_1,P3,P7,path_1,3,,,6.57,2.57,0
P3__P7__path_1,P3,P7,path_1,4,,,7.38,1.0,0
P3__P8__path_1,P3,P8,path_1,0,,,3.72,5.25,0
P3__P8__path_1,P3,P8,path_1,1,,,3.83,4.43,0
P3__P8__path_1,P3,P8,path_1,2,,,7.72,3.62,0
P3__P8__path_1,P3,P8,path_1,3,,,8.62,3.02,0
P3__P8__path_1,P3,P8,path_1,4,,,8.72,2.35,0
P3__P9__path_1,P3,P9,path_1,0,,,3.72,5.25,0
P3__P9__path_1,P3,P9,path_1,1,,,3.83,4.43,0
P3__P9__path_1,P3,P9,path_1,2,,,5.32,4.43,0
P3__P9__path_1,P3,P9,path_1,3,,,6.2,5.05,0
P3__SORT1__path_1,P3,SORT1,path_1,0,,,3.72,5.25,0
P3__SORT1__path_1,P3,SORT1,path_1,1,,,3.83,4.43,0
P3__SORT1__path_1,P3,SORT1,path_1,2,,,7.72,3.62,0
P3__SORT1__path_1,P3,SORT1,path_1,3,,,8.62,3.02,0
P3__SORT1__path_1,P3,SORT1,path_1,4,,,9.72,2.16,0
P3__SORT2__path_1,P3,SORT2,path_1,0,,,3.72,5.25,0
P3__SORT2__path_1,P3,SORT2,path_1,1,,,3.83,4.43,0
P3__SORT2__path_1,P3,SORT2,path_1,2,,,10.36,4.05,0
P3__OUT1__path_1,P3,OUT1,path_1,0,,,3.72,5.25,0
P3__OUT1__path_1,P3,OUT1,path_1,1,,,3.83,4.43,0
P3__OUT1__path_1,P3,OUT1,path_1,2,,,7.72,3.62,0
P3__OUT1__path_1,P3,OUT1,path_1,3,,,12.0,2.0,0
P3__OUT2__path_1,P3,OUT2,path_1,0,,,3.72,5.25,0
P3__OUT2__path_1,P3,OUT2,path_1,1,,,3.83,4.43,0
P3__OUT2__path_1,P3,OUT2,path_1,2,,,12.0,4.0,0
P3__CHG1__path_1,P3,CHG1,path_1,0,,,3.72,5.25,0
P3__CHG1__path_1,P3,CHG1,path_1,1,,,1.0,0.0,0
P3__CHG2__path_1,P3,CHG2,path_1,0,,,3.72,5.25,0
P3__CHG2__path_1,P3,CHG2,path_1,1,,,3.83,4.43,0
P3__CHG2__path_1,P3,CHG2,path_1,2,,,5.03,2.93,0
P3__CHG2__path_1,P3,CHG2,path_1,3,,,6.57,2.57,0
P3__CHG2__path_1,P3,CHG2,path_1,4,,,7.53,0.73,0
P3__CHG2__path_1,P3,CHG2,path_1,5,,,9.0,0.0,0
P4__IN1__path_1,P4,IN1,path_1,0,,,5.05,1.35,0
P4__IN1__path_1,P4,IN1,path_1,1,,,4.32,0.53,0
P4__IN1__path_1,P4,IN1,path_1,2,,,3.23,0.53,0
P4__IN1__path_1,P4,IN1,path_1,3,,,0.0,1.0,0
P4__IN2__path_1,P4,IN2,path_1,0,,,5.05,1.35,0
P4__IN2__path_1,P4,IN2,path_1,1,,,4.32,2.92,0
P4__IN2__path_1,P4,IN2,path_1,2,,,0.0,5.0,0
P4__P1__path_1,P4,P1,path_1,0,,,5.05,1.35,0
P4__P1__path_1,P4,P1,path_1,1,,,4.32,0.53,0
P4__P1__path_1,P4,P1,path_1,2,,,3.23,0.53,0
P4__P1__path_1,P4,P1,path_1,3,,,3.12,0.95,0
P4__P2__path_1,P4,P2,path_1,0,,,5.05,1.35,0
P4__P2__path_1,P4,P2,path_1,1,,,4.36,2.35,0
P4__P3__path_1,P4,P3,path_1,0,,,5.05,1.35,0
P4__P3__path_1,P4,P3,path_1,1,,,3.83,4.43,0
P4__P3__path_1,P4,P3,path_1,2,,,3.72,5.25,0
P4__P5__path_1,P4,P5,path_1,0,,,5.05,1.35,0
P4__P5__path_1,P4,P5,path_1,1,,,5.03,2.93,0
P4__P5__path_1,P4,P5,path_1,2,,,5.03,3.82,0
P4__P5__path_1,P4,P5,path_1,3,,,5.62,4.1,0
P4__P6__path_1,P4,P6,path_1,0,,,5.05,1.35,0
P4__P6__path_1,P4,P6,path_1,1,,,5.23,2.57,0
P4__P6__path_1,P4,P6,path_1,2,,,6.32,2.93,0
P4__P6__path_1,P4,P6,path_1,3,,,6.43,3.62,0
P4__P6__path_1,P4,P6,path_1,4,,,8.02,4.33,0
P4__P6__path_1,P4,P6,path_1,5,,,8.02,5.52,0
P4__P6__path_1,P4,P6,path_1,6,,,7.98,5.55,0
P4__P7__path_1,P4,P7,path_1,0,,,5.05,1.35,0
P4__P7__path_1,P4,P7,path_1,1,,,5.23,0.58,0
P4__P7__path_1,P4,P7,path_1,2,,,6.57,0.58,0
P4__P7__path_1,P4,P7,path_1,3,,,7.38,1.0,0
P4__P8__path_1,P4,P8,path_1,0,,,5.05,1.35,0
P4__P8__path_1,P4,P8,path_1,1,,,5.23,0.58,0
P4__P8__path_1,P4,P8,path_1,2,,,6.57,0.58,0
P4__P8__path_1,P4,P8,path_1,3,,,8.62,0.73,0
P4__P8__path_1,P4,P8,path_1,4,,,8.72,2.35,0
P4__P9__path_1,P4,P9,path_1,0,,,5.05,1.35,0
P4__P9__path_1,P4,P9,path_1,1,,,5.03,2.93,0
P4__P9__path_1,P4,P9,path_1,2,,,5.03,3.82,0
P4__P9__path_1,P4,P9,path_1,3,,,6.2,5.05,0
P4__SORT1__path_1,P4,SORT1,path_1,0,,,5.05,1.35,0
P4__SORT1__path_1,P4,SORT1,path_1,1,,,5.23,0.58,0
P4__SORT1__path_1,P4,SORT1,path_1,2,,,6.57,0.58,0
P4__SORT1__path_1,P4,SORT1,path_1,3,,,8.62,0.73,0
P4__SORT1__path_1,P4,SORT1,path_1,4,,,9.72,2.16,0
P4__SORT2__path_1,P4,SORT2,path_1,0,,,5.05,1.35,0
P4__SORT2__path_1,P4,SORT2,path_1,1,,,5.23,2.57,0
P4__SORT2__path_1,P4,SORT2,path_1,2,,,6.32,2.93,0
P4__SORT2__path_1,P4,SORT2,path_1,3,,,6.43,3.62,0
P4__SORT2__path_1,P4,SORT2,path_1,4,,,10.36,4.05,0
P4__OUT1__path_1,P4,OUT1,path_1,0,,,5.05,1.35,0
P4__OUT1__path_1,P4,OUT1,path_1,1,,,5.23,0.58,0
P4__OUT1__path_1,P4,OUT1,path_1,2,,,6.57,0.58,0
P4__OUT1__path_1,P4,OUT1,path_1,3,,,8.62,0.73,0
P4__OUT1__path_1,P4,OUT1,path_1,4,,,12.0,2.0,0
P4__OUT2__path_1,P4,OUT2,path_1,0,,,5.05,1.35,0
P4__OUT2__path_1,P4,OUT2,path_1,1,,,5.23,2.57,0
P4__OUT2__path_1,P4,OUT2,path_1,2,,,6.32,2.93,0
P4__OUT2__path_1,P4,OUT2,path_1,3,,,6.43,3.62,0
P4__OUT2__path_1,P4,OUT2,path_1,4,,,12.0,4.0,0
P4__CHG1__path_1,P4,CHG1,path_1,0,,,5.05,1.35,0
P4__CHG1__path_1,P4,CHG1,path_1,1,,,4.32,0.53,0
P4__CHG1__path_1,P4,CHG1,path_1,2,,,1.0,0.0,0
P4__CHG2__path_1,P4,CHG2,path_1,0,,,5.05,1.35,0
P4__CHG2__path_1,P4,CHG2,path_1,1,,,5.23,0.58,0
P4__CHG2__path_1,P4,CHG2,path_1,2,,,9.0,0.0,0
P5__IN1__path_1,P5,IN1,path_1,0,,,5.62,4.1,0
P5__IN1__path_1,P5,IN1,path_1,1,,,5.03,3.82,0
P5__IN1__path_1,P5,IN1,path_1,2,,,3.23,2.92,0
P5__IN1__path_1,P5,IN1,path_1,3,,,0.0,1.0,0
P5__IN2__path_1,P5,IN2,path_1,0,,,5.62,4.1,0
P5__IN2__path_1,P5,IN2,path_1,1,,,0.0,5.0,0
P5__P1__path_1,P5,P1,path_1,0,,,5.62,4.1,0
P5__P1__path_1,P5,P1,path_1,1,,,5.03,3.82,0
P5__P1__path_1,P5,P1,path_1,2,,,3.23,2.92,0
P5__P1__path_1,P5,P1,path_1,3,,,3.12,0.95,0
P5__P2__path_1,P5,P2,path_1,0,,,5.62,4.1,0
P5__P2__path_1,P5,P2,path_1,1,,,5.03,3.82,0
P5__P2__path_1,P5,P2,path_1,2,,,4.36,2.35,0
P5__P3__path_1,P5,P3,path_1,0,,,5.62,4.1,0
P5__P3__path_1,P5,P3,path_1,1,,,3.83,4.43,0
P5__P3__path_1,P5,P3,path_1,2,,,3.72,5.25,0
P5__P4__path_1,P5,P4,path_1,0,,,5.62,4.1,0
P5__P4__path_1,P5,P4,path_1,1,,,5.03,3.82,0
P5__P4__path_1,P5,P4,path_1,2,,,5.03,2.93,0
P5__P4__path_1,P5,P4,path_1,3,,,5.05,1.35,0
P5__P6__path_1,P5,P6,path_1,0,,,5.62,4.1,0
P5__P6__path_1,P5,P6,path_1,1,,,6.33,5.52,0
P5__P6__path_1,P5,P6,path_1,2,,,7.98,5.55,0
P5__P7__path_1,P5,P7,path_1,0,,,5.62,4.1,0
P5__P7__path_1,P5,P7,path_1,1,,,6.32,3.82,0
P5__P7__path_1,P5,P7,path_1,2,,,6.43,2.83,0
P5__P7__path_1,P5,P7,path_1,3,,,6.57,2.57,0
P5__P7__path_1,P5,P7,path_1,4,,,7.38,1.0,0
P5__P8__path_1,P5,P8,path_1,0,,,5.62,4.1,0
P5__P8__path_1,P5,P8,path_1,1,,,7.72,3.62,0
P5__P8__path_1,P5,P8,path_1,2,,,8.62,3.02,0
P5__P8__path_1,P5,P8,path_1,3,,,8.72,2.35,0
P5__P9__path_1,P5,P9,path_1,0,,,5.62,4.1,0
P5__P9__path_1,P5,P9,path_1,1,,,6.2,5.05,0
P5__SORT1__path_1,P5,SORT1,path_1,0,,,5.62,4.1,0
P5__SORT1__path_1,P5,SORT1,path_1,1,,,7.72,3.62,0
P5__SORT1__path_1,P5,SORT1,path_1,2,,,8.62,3.02,0
P5__SORT1__path_1,P5,SORT1,path_1,3,,,9.72,2.16,0
P5__SORT2__path_1,P5,SORT2,path_1,0,,,5.62,4.1,0
P5__SORT2__path_1,P5,SORT2,path_1,1,,,10.36,4.05,0
P5__OUT1__path_1,P5,OUT1,path_1,0,,,5.62,4.1,0
P5__OUT1__path_1,P5,OUT1,path_1,1,,,7.72,3.62,0
P5__OUT1__path_1,P5,OUT1,path_1,2,,,12.0,2.0,0
P5__OUT2__path_1,P5,OUT2,path_1,0,,,5.62,4.1,0
P5__OUT2__path_1,P5,OUT2,path_1,1,,,12.0,4.0,0
P5__CHG1__path_1,P5,CHG1,path_1,0,,,5.62,4.1,0
P5__CHG1__path_1,P5,CHG1,path_1,1,,,5.03,3.82,0
P5__CHG1__path_1,P5,CHG1,path_1,2,,,3.23,2.92,0
P5__CHG1__path_1,P5,CHG1,path_1,3,,,1.0,0.0,0
P5__CHG2__path_1,P5,CHG2,path_1,0,,,5.62,4.1,0
P5__CHG2__path_1,P5,CHG2,path_1,1,,,6.32,3.82,0
P5__CHG2__path_1,P5,CHG2,path_1,2,,,6.43,2.83,0
P5__CHG2__path_1,P5,CHG2,path_1,3,,,6.57,2.57,0
P5__CHG2__path_1,P5,CHG2,path_1,4,,,7.53,0.73,0
P5__CHG2__path_1,P5,CHG2,path_1,5,,,9.0,0.0,0
P6__IN1__path_1,P6,IN1,path_1,0,,,7.98,5.55,0
P6__IN1__path_1,P6,IN1,path_1,1,,,6.33,5.52,0
P6__IN1__path_1,P6,IN1,path_1,2,,,5.32,4.43,0
P6__IN1__path_1,P6,IN1,path_1,3,,,0.0,1.0,0
P6__IN2__path_1,P6,IN2,path_1,0,,,7.98,5.55,0
P6__IN2__path_1,P6,IN2,path_1,1,,,5.32,5.92,0
P6__IN2__path_1,P6,IN2,path_1,2,,,3.83,5.92,0
P6__IN2__path_1,P6,IN2,path_1,3,,,0.0,5.0,0
P6__P1__path_1,P6,P1,path_1,0,,,7.98,5.55,0
P6__P1__path_1,P6,P1,path_1,1,,,6.33,5.52,0
P6__P1__path_1,P6,P1,path_1,2,,,5.32,4.43,0
P6__P1__path_1,P6,P1,path_1,3,,,3.23,2.92,0
P6__P1__path_1,P6,P1,path_1,4,,,3.12,0.95,0
P6__P2__path_1,P6,P2,path_1,0,,,7.98,5.55,0
P6__P2__path_1,P6,P2,path_1,1,,,6.33,5.52,0
P6__P2__path_1,P6,P2,path_1,2,,,5.03,3.82,0
P6__P2__path_1,P6,P2,path_1,3,,,4.36,2.35,0
P6__P3__path_1,P6,P3,path_1,0,,,7.98,5.55,0
P6__P3__path_1,P6,P3,path_1,1,,,5.32,5.92,0
P6__P3__path_1,P6,P3,path_1,2,,,3.83,5.92,0
P6__P3__path_1,P6,P3,path_1,3,,,3.72,5.25,0
P6__P4__path_1,P6,P4,path_1,0,,,7.98,5.55,0
P6__P4__path_1,P6,P4,path_1,1,,,8.02,5.52,0
P6__P4__path_1,P6,P4,path_1,2,,,8.02,4.33,0
P6__P4__path_1,P6,P4,path_1,3,,,6.43,3.62,0
P6__P4__path_1,P6,P4,path_1,4,,,6.32,2.93,0
P6__P4__path_1,P6,P4,path_1,5,,,5.23,2.57,0
P6__P4__path_1,P6,P4,path_1,6,,,5.05,1.35,0
P6__P5__path_1,P6,P5,path_1,0,,,7.98,5.55,0
P6__P5__path_1,P6,P5,path_1,1,,,6.33,5.52,0
P6__P5__path_1,P6,P5,path_1,2,,,5.62,4.1,0
P6__P7__path_1,P6,P7,path_1,0,,,7.98,5.55,0
P6__P7__path_1,P6,P7,path_1,1,,,8.02,5.52,0
P6__P7__path_1,P6,P7,path_1,2,,,8.02,4.33,0
P6__P7__path_1,P6,P7,path_1,3,,,6.43,3.62,0
P6__P7__path_1,P6,P7,path_1,4,,,6.43,2.83,0
P6__P7__path_1,P6,P7,path_1,5,,,6.57,2.57,0
P6__P7__path_1,P6,P7,path_1,6,,,7.38,1.0,0
P6__P8__path_1,P6,P8,path_1,0,,,7.98,5.55,0
P6__P8__path_1,P6,P8,path_1,1,,,8.02,5.52,0
P6__P8__path_1,P6,P8,path_1,2,,,8.62,3.02,0
P6__P8__path_1,P6,P8,path_1,3,,,8.72,2.35,0
P6__P9__path_1,P6,P9,path_1,0,,,7.98,5.55,0
P6__P9__path_1,P6,P9,path_1,1,,,6.33,5.52,0
P6__P9__path_1,P6,P9,path_1,2,,,6.2,5.05,0
P6__SORT1__path_1,P6,SORT1,path_1,0,,,7.98,5.55,0
P6__SORT1__path_1,P6,SORT1,path_1,1,,,8.02,5.52,0
P6__SORT1__path_1,P6,SORT1,path_1,2,,,9.72,2.16,0
P6__SORT2__path_1,P6,SORT2,path_1,0,,,7.98,5.55,0
P6__SORT2__path_1,P6,SORT2,path_1,1,,,10.36,4.05,0
P6__OUT1__path_1,P6,OUT1,path_1,0,,,7.98,5.55,0
P6__OUT1__path_1,P6,OUT1,path_1,1,,,8.02,5.52,0
P6__OUT1__path_1,P6,OUT1,path_1,2,,,12.0,2.0,0
P6__OUT2__path_1,P6,OUT2,path_1,0,,,7.98,5.55,0
P6__OUT2__path_1,P6,OUT2,path_1,1,,,12.0,4.0,0
P6__CHG1__path_1,P6,CHG1,path_1,0,,,7.98,5.55,0
P6__CHG1__path_1,P6,CHG1,path_1,1,,,6.33,5.52,0
P6__CHG1__path_1,P6,CHG1,path_1,2,,,5.32,4.43,0
P6__CHG1__path_1,P6,CHG1,path_1,3,,,3.23,2.92,0
P6__CHG1__path_1,P6,CHG1,path_1,4,,,1.0,0.0,0
P6__CHG2__path_1,P6,CHG2,path_1,0,,,7.98,5.55,0
P6__CHG2__path_1,P6,CHG2,path_1,1,,,8.02,5.52,0
P6__CHG2__path_1,P6,CHG2,path_1,2,,,8.62,3.02,0
P6__CHG2__path_1,P6,CHG2,path_1,3,,,9.0,0.0,0
P7__IN1__path_1,P7,IN1,path_1,0,,,7.38,1.0,0
P7__IN1__path_1,P7,IN1,path_1,1,,,6.57,0.58,0
P7__IN1__path_1,P7,IN1,path_1,2,,,4.32,0.53,0
P7__IN1__path_1,P7,IN1,path_1,3,,,3.23,0.53,0
P7__IN1__path_1,P7,IN1,path_1,4,,,0.0,1.0,0
P7__IN2__path_1,P7,IN2,path_1,0,,,7.38,1.0,0
P7__IN2__path_1,P7,IN2,path_1,1,,,6.57,2.57,0
P7__IN2__path_1,P7,IN2,path_1,2,,,5.03,2.93,0
P7__IN2__path_1,P7,IN2,path_1,3,,,0.0,5.0,0
P7__P1__path_1,P7,P1,path_1,0,,,7.38,1.0,0
P7__P1__path_1,P7,P1,path_1,1,,,6.57,0.58,0
P7__P1__path_1,P7,P1,path_1,2,,,4.32,0.53,0
P7__P1__path_1,P7,P1,path_1,3,,,3.23,0.53,0
P7__P1__path_1,P7,P1,path_1,4,,,3.12,0.95,0
P7__P2__path_1,P7,P2,path_1,0,,,7.38,1.0,0
P7__P2__path_1,P7,P2,path_1,1,,,6.57,2.57,0
P7__P2__path_1,P7,P2,path_1,2,,,5.23,2.57,0
P7__P2__path_1,P7,P2,path_1,3,,,4.36,2.35,0
P7__P3__path_1,P7,P3,path_1,0,,,7.38,1.0,0
P7__P3__path_1,P7,P3,path_1,1,,,6.57,2.57,0
P7__P3__path_1,P7,P3,path_1,2,,,5.03,2.93,0
P7__P3__path_1,P7,P3,path_1,3,,,3.83,4.43,0
P7__P3__path_1,P7,P3,path_1,4,,,3.72,5.25,0
P7__P4__path_1,P7,P4,path_1,0,,,7.38,1.0,0
P7__P4__path_1,P7,P4,path_1,1,,,6.57,0.58,0
P7__P4__path_1,P7,P4,path_1,2,,,5.23,0.58,0
P7__P4__path_1,P7,P4,path_1,3,,,5.05,1.35,0
P7__P5__path_1,P7,P5,path_1,0,,,7.38,1.0,0
P7__P5__path_1,P7,P5,path_1,1,,,6.57,2.57,0
P7__P5__path_1,P7,P5,path_1,2,,,6.43,2.83,0
P7__P5__path_1,P7,P5,path_1,3,,,6.32,3.82,0
P7__P5__path_1,P7,P5,path_1,4,,,5.62,4.1,0
P7__P6__path_1,P7,P6,path_1,0,,,7.38,1.0,0
P7__P6__path_1,P7,P6,path_1,1,,,6.57,2.57,0
P7__P6__path_1,P7,P6,path_1,2,,,6.43,2.83,0
P7__P6__path_1,P7,P6,path_1,3,,,6.43,3.62,0
P7__P6__path_1,P7,P6,path_1,4,,,8.02,4.33,0
P7__P6__path_1,P7,P6,path_1,5,,,8.02,5.52,0
P7__P6__path_1,P7,P6,path_1,6,,,7.98,5.55,0
P7__P8__path_1,P7,P8,path_1,0,,,7.38,1.0,0
P7__P8__path_1,P7,P8,path_1,1,,,7.53,0.73,0
P7__P8__path_1,P7,P8,path_1,2,,,8.62,0.73,0
P7__P8__path_1,P7,P8,path_1,3,,,8.72,2.35,0
P7__P9__path_1,P7,P9,path_1,0,,,7.38,1.0,0
P7__P9__path_1,P7,P9,path_1,1,,,6.57,2.57,0
P7__P9__path_1,P7,P9,path_1,2,,,6.43,2.83,0
P7__P9__path_1,P7,P9,path_1,3,,,6.2,5.05,0
P7__SORT1__path_1,P7,SORT1,path_1,0,,,7.38,1.0,0
P7__SORT1__path_1,P7,SORT1,path_1,1,,,7.53,0.73,0
P7__SORT1__path_1,P7,SORT1,path_1,2,,,8.62,0.73,0
P7__SORT1__path_1,P7,SORT1,path_1,3,,,9.72,2.16,0
P7__SORT2__path_1,P7,SORT2,path_1,0,,,7.38,1.0,0
P7__SORT2__path_1,P7,SORT2,path_1,1,,,7.53,0.73,0
P7__SORT2__path_1,P7,SORT2,path_1,2,,,8.62,0.73,0
P7__SORT2__path_1,P7,SORT2,path_1,3,,,10.36,4.05,0
P7__OUT1__path_1,P7,OUT1,path_1,0,,,7.38,1.0,0
P7__OUT1__path_1,P7,OUT1,path_1,1,,,7.53,0.73,0
P7__OUT1__path_1,P7,OUT1,path_1,2,,,8.62,0.73,0
P7__OUT1__path_1,P7,OUT1,path_1,3,,,12.0,2.0,0
P7__OUT2__path_1,P7,OUT2,path_1,0,,,7.38,1.0,0
P7__OUT2__path_1,P7,OUT2,path_1,1,,,7.53,0.73,0
P7__OUT2__path_1,P7,OUT2,path_1,2,,,8.62,0.73,0
P7__OUT2__path_1,P7,OUT2,path_1,3,,,12.0,4.0,0
P7__CHG1__path_1,P7,CHG1,path_1,0,,,7.38,1.0,0
P7__CHG1__path_1,P7,CHG1,path_1,1,,,6.57,0.58,0
P7__CHG1__path_1,P7,CHG1,path_1,2,,,1.0,0.0,0
P7__CHG2__path_1,P7,CHG2,path_1,0,,,7.38,1.0,0
P7__CHG2__path_1,P7,CHG2,path_1,1,,,7.53,0.73,0
P7__CHG2__path_1,P7,CHG2,path_1,2,,,9.0,0.0,0
P8__IN1__path_1,P8,IN1,path_1,0,,,8.72,2.35,0
P8__IN1__path_1,P8,IN1,path_1,1,,,8.62,3.02,0
P8__IN1__path_1,P8,IN1,path_1,2,,,7.72,3.62,0
P8__IN1__path_1,P8,IN1,path_1,3,,,6.32,3.82,0
P8__IN1__path_1,P8,IN1,path_1,4,,,5.03,3.82,0
P8__IN1__path_1,P8,IN1,path_1,5,,,3.23,2.92,0
P8__IN1__path_1,P8,IN1,path_1,6,,,0.0,1.0,0
P8__IN2__path_1,P8,IN2,path_1,0,,,8.72,2.35,0
P8__IN2__path_1,P8,IN2,path_1,1,,,8.62,3.02,0
P8__IN2__path_1,P8,IN2,path_1,2,,,7.72,3.62,0
P8__IN2__path_1,P8,IN2,path_1,3,,,0.0,5.0,0
P8__P1__path_1,P8,P1,path_1,0,,,8.72,2.35,0
P8__P1__path_1,P8,P1,path_1,1,,,8.62,0.73,0
P8__P1__path_1,P8,P1,path_1,2,,,6.57,0.58,0
P8__P1__path_1,P8,P1,path_1,3,,,4.32,0.53,0
P8__P1__path_1,P8,P1,path_1,4,,,3.23,0.53,0
P8__P1__path_1,P8,P1,path_1,5,,,3.12,0.95,0
P8__P2__path_1,P8,P2,path_1,0,,,8.72,2.35,0
P8__P2__path_1,P8,P2,path_1,1,,,8.62,3.02,0
P8__P2__path_1,P8,P2,path_1,2,,,7.72,3.62,0
P8__P2__path_1,P8,P2,path_1,3,,,6.43,3.62,0
P8__P2__path_1,P8,P2,path_1,4,,,6.32,2.93,0
P8__P2__path_1,P8,P2,path_1,5,,,4.36,2.35,0
P8__P3__path_1,P8,P3,path_1,0,,,8.72,2.35,0
P8__P3__path_1,P8,P3,path_1,1,,,8.62,3.02,0
P8__P3__path_1,P8,P3,path_1,2,,,7.72,3.62,0
P8__P3__path_1,P8,P3,path_1,3,,,3.83,4.43,0
P8__P3__path_1,P8,P3,path_1,4,,,3.72,5.25,0
P8__P4__path_1,P8,P4,path_1,0,,,8.72,2.35,0
P8__P4__path_1,P8,P4,path_1,1,,,8.62,0.73,0
P8__P4__path_1,P8,P4,path_1,2,,,6.57,0.58,0
P8__P4__path_1,P8,P4,path_1,3,,,5.23,0.58,0
P8__P4__path_1,P8,P4,path_1,4,,,5.05,1.35,0
P8__P5__path_1,P8,P5,path_1,0,,,8.72,2.35,0
P8__P5__path_1,P8,P5,path_1,1,,,8.62,3.02,0
P8__P5__path_1,P8,P5,path_1,2,,,7.72,3.62,0
P8__P5__path_1,P8,P5,path_1,3,,,5.62,4.1,0
P8__P6__path_1,P8,P6,path_1,0,,,8.72,2.35,0
P8__P6__path_1,P8,P6,path_1,1,,,8.62,3.02,0
P8__P6__path_1,P8,P6,path_1,2,,,8.02,5.52,0
P8__P6__path_1,P8,P6,path_1,3,,,7.98,5.55,0
P8__P7__path_1,P8,P7,path_1,0,,,8.72,2.35,0
P8__P7__path_1,P8,P7,path_1,1,,,8.62,0.73,0
P8__P7__path_1,P8,P7,path_1,2,,,7.53,0.73,0
P8__P7__path_1,P8,P7,path_1,3,,,7.38,1.0,0
P8__P9__path_1,P8,P9,path_1,0,,,8.72,2.35,0
P8__P9__path_1,P8,P9,path_1,1,,,8.62,3.02,0
P8__P9__path_1,P8,P9,path_1,2,,,7.72,3.62,0
P8__P9__path_1,P8,P9,path_1,3,,,6.33,4.33,0
P8__P9__path_1,P8,P9,path_1,4,,,6.2,5.05,0
P8__SORT1__path_1,P8,SORT1,path_1,0,,,8.72,2.35,0
P8__SORT1__path_1,P8,SORT1,path_1,1,,,9.72,2.16,0
P8__SORT2__path_1,P8,SORT2,path_1,0,,,8.72,2.35,0
P8__SORT2__path_1,P8,SORT2,path_1,1,,,10.36,4.05,0
P8__OUT1__path_1,P8,OUT1,path_1,0,,,8.72,2.35,0
P8__OUT1__path_1,P8,OUT1,path_1,1,,,12.0,2.0,0
P8__OUT2__path_1,P8,OUT2,path_1,0,,,8.72,2.35,0
P8__OUT2__path_1,P8,OUT2,path_1,1,,,12.0,4.0,0
P8__CHG1__path_1,P8,CHG1,path_1,0,,,8.72,2.35,0
P8__CHG1__path_1,P8,CHG1,path_1,1,,,8.62,0.73,0
P8__CHG1__path_1,P8,CHG1,path_1,2,,,1.0,0.0,0
P8__CHG2__path_1,P8,CHG2,path_1,0,,,8.72,2.35,0
P8__CHG2__path_1,P8,CHG2,path_1,1,,,9.0,0.0,0
P9__IN1__path_1,P9,IN1,path_1,0,,,6.2,5.05,0
P9__IN1__path_1,P9,IN1,path_1,1,,,5.32,4.43,0
P9__IN1__path_1,P9,IN1,path_1,2,,,0.0,1.0,0
P9__IN2__path_1,P9,IN2,path_1,0,,,6.2,5.05,0
P9__IN2__path_1,P9,IN2,path_1,1,,,5.32,4.43,0
P9__IN2__path_1,P9,IN2,path_1,2,,,3.83,4.43,0
P9__IN2__path_1,P9,IN2,path_1,3,,,0.0,5.0,0
P9__P1__path_1,P9,P1,path_1,0,,,6.2,5.05,0
P9__P1__path_1,P9,P1,path_1,1,,,3.23,2.92,0
P9__P1__path_1,P9,P1,path_1,2,,,3.12,0.95,0
P9__P2__path_1,P9,P2,path_1,0,,,6.2,5.05,0
P9__P2__path_1,P9,P2,path_1,1,,,5.03,3.82,0
P9__P2__path_1,P9,P2,path_1,2,,,4.36,2.35,0
P9__P3__path_1,P9,P3,path_1,0,,,6.2,5.05,0
P9__P3__path_1,P9,P3,path_1,1,,,5.32,4.43,0
P9__P3__path_1,P9,P3,path_1,2,,,3.83,4.43,0
P9__P3__path_1,P9,P3,path_1,3,,,3.72,5.25,0
P9__P4__path_1,P9,P4,path_1,0,,,6.2,5.05,0
P9__P4__path_1,P9,P4,path_1,1,,,5.03,3.82,0
P9__P4__path_1,P9,P4,path_1,2,,,5.03,2.93,0
P9__P4__path_1,P9,P4,path_1,3,,,5.05,1.35,0
P9__P5__path_1,P9,P5,path_1,0,,,6.2,5.05,0
P9__P5__path_1,P9,P5,path_1,1,,,5.62,4.1,0
P9__P6__path_1,P9,P6,path_1,0,,,6.2,5.05,0
P9__P6__path_1,P9,P6,path_1,1,,,6.33,5.52,0
P9__P6__path_1,P9,P6,path_1,2,,,7.98,5.55,0
P9__P7__path_1,P9,P7,path_1,0,,,6.2,5.05,0
P9__P7__path_1,P9,P7,path_1,1,,,6.43,2.83,0
P9__P7__path_1,P9,P7,path_1,2,,,6.57,2.57,0
P9__P7__path_1,P9,P7,path_1,3,,,7.38,1.0,0
P9__P8__path_1,P9,P8,path_1,0,,,6.2,5.05,0
P9__P8__path_1,P9,P8,path_1,1,,,6.33,4.33,0
P9__P8__path_1,P9,P8,path_1,2,,,7.72,3.62,0
P9__P8__path_1,P9,P8,path_1,3,,,8.62,3.02,0
P9__P8__path_1,P9,P8,path_1,4,,,8.72,2.35,0
P9__SORT1__path_1,P9,SORT1,path_1,0,,,6.2,5.05,0
P9__SORT1__path_1,P9,SORT1,path_1,1,,,6.33,4.33,0
P9__SORT1__path_1,P9,SORT1,path_1,2,,,7.72,3.62,0
P9__SORT1__path_1,P9,SORT1,path_1,3,,,8.62,3.02,0
P9__SORT1__path_1,P9,SORT1,path_1,4,,,9.72,2.16,0
P9__SORT2__path_1,P9,SORT2,path_1,0,,,6.2,5.05,0
P9__SORT2__path_1,P9,SORT2,path_1,1,,,6.33,4.33,0
P9__SORT2__path_1,P9,SORT2,path_1,2,,,10.36,4.05,0
P9__OUT1__path_1,P9,OUT1,path_1,0,,,6.2,5.05,0
P9__OUT1__path_1,P9,OUT1,path_1,1,,,6.33,4.33,0
P9__OUT1__path_1,P9,OUT1,path_1,2,,,12.0,2.0,0
P9__OUT2__path_1,P9,OUT2,path_1,0,,,6.2,5.05,0
P9__OUT2__path_1,P9,OUT2,path_1,1,,,6.33,4.33,0
P9__OUT2__path_1,P9,OUT2,path_1,2,,,12.0,4.0,0
P9__CHG1__path_1,P9,CHG1,path_1,0,,,6.2,5.05,0
P9__CHG1__path_1,P9,CHG1,path_1,1,,,3.23,2.92,0
P9__CHG1__path_1,P9,CHG1,path_1,2,,,1.0,0.0,0
P9__CHG2__path_1,P9,CHG2,path_1,0,,,6.2,5.05,0
P9__CHG2__path_1,P9,CHG2,path_1,1,,,6.43,2.83,0
P9__CHG2__path_1,P9,CHG2,path_1,2,,,6.57,2.57,0
P9__CHG2__path_1,P9,CHG2,path_1,3,,,7.53,0.73,0
P9__CHG2__path_1,P9,CHG2,path_1,4,,,9.0,0.0,0
SORT1__IN1__path_1,SORT1,IN1,path_1,0,,,9.72,2.16,0
SORT1__IN1__path_1,SORT1,IN1,path_1,1,,,8.62,0.73,0
SORT1__IN1__path_1,SORT1,IN1,path_1,2,,,6.57,0.58,0
SORT1__IN1__path_1,SORT1,IN1,path_1,3,,,4.32,0.53,0
SORT1__IN1__path_1,SORT1,IN1,path_1,4,,,3.23,0.53,0
SORT1__IN1__path_1,SORT1,IN1,path_1,5,,,0.0,1.0,0
SORT1__IN2__path_1,SORT1,IN2,path_1,0,,,9.72,2.16,0
SORT1__IN2__path_1,SORT1,IN2,path_1,1,,,8.62,3.02,0
SORT1__IN2__path_1,SORT1,IN2,path_1,2,,,7.72,3.62,0
SORT1__IN2__path_1,SORT1,IN2,path_1,3,,,0.0,5.0,0
SORT1__P1__path_1,SORT1,P1,path_1,0,,,9.72,2.16,0
SORT1__P1__path_1,SORT1,P1,path_1,1,,,8.62,0.73,0
SORT1__P1__path_1,SORT1,P1,path_1,2,,,6.57,0.58,0
SORT1__P1__path_1,SORT1,P1,path_1,3,,,4.32,0.53,0
SORT1__P1__path_1,SORT1,P1,path_1,4,,,3.23,0.53,0
SORT1__P1__path_1,SORT1,P1,path_1,5,,,3.12,0.95,0
SORT1__P2__path_1,SORT1,P2,path_1,0,,,9.72,2.16,0
SORT1__P2__path_1,SORT1,P2,path_1,1,,,8.62,3.02,0
SORT1__P2__path_1,SORT1,P2,path_1,2,,,7.72,3.62,0
SORT1__P2__path_1,SORT1,P2,path_1,3,,,6.43,3.62,0
SORT1__P2__path_1,SORT1,P2,path_1,4,,,6.32,2.93,0
SORT1__P2__path_1,SORT1,P2,path_1,5,,,4.36,2.35,0
SORT1__P3__path_1,SORT1,P3,path_1,0,,,9.72,2.16,0
SORT1__P3__path_1,SORT1,P3,path_1,1,,,8.62,3.02,0
SORT1__P3__path_1,SORT1,P3,path_1,2,,,7.72,3.62,0
SORT1__P3__path_1,SORT1,P3,path_1,3,,,3.83,4.43,0
SORT1__P3__path_1,SORT1,P3,path_1,4,,,3.72,5.25,0
SORT1__P4__path_1,SORT1,P4,path_1,0,,,9.72,2.16,0
SORT1__P4__path_1,SORT1,P4,path_1,1,,,8.62,0.73,0
SORT1__P4__path_1,SORT1,P4,path_1,2,,,6.57,0.58,0
SORT1__P4__path_1,SORT1,P4,path_1,3,,,5.23,0.58,0
SORT1__P4__path_1,SORT1,P4,path_1,4,,,5.05,1.35,0
SORT1__P5__path_1,SORT1,P5,path_1,0,,,9.72,2.16,0
SORT1__P5__path_1,SORT1,P5,path_1,1,,,8.62,3.02,0
SORT1__P5__path_1,SORT1,P5,path_1,2,,,7.72,3.62,0
SORT1__P5__path_1,SORT1,P5,path_1,3,,,5.62,4.1,0
SORT1__P6__path_1,SORT1,P6,path_1,0,,,9.72,2.16,0
SORT1__P6__path_1,SORT1,P6,path_1,1,,,8.02,5.52,0
SORT1__P6__path_1,SORT1,P6,path_1,2,,,7.98,5.55,0
SORT1__P7__path_1,SORT1,P7,path_1,0,,,9.72,2.16,0
SORT1__P7__path_1,SORT1,P7,path_1,1,,,8.62,0.73,0
SORT1__P7__path_1,SORT1,P7,path_1,2,,,7.53,0.73,0
SORT1__P7__path_1,SORT1,P7,path_1,3,,,7.38,1.0,0
SORT1__P8__path_1,SORT1,P8,path_1,0,,,9.72,2.16,0
SORT1__P8__path_1,SORT1,P8,path_1,1,,,8.72,2.35,0
SORT1__P9__path_1,SORT1,P9,path_1,0,,,9.72,2.16,0
SORT1__P9__path_1,SORT1,P9,path_1,1,,,8.62,3.02,0
SORT1__P9__path_1,SORT1,P9,path_1,2,,,7.72,3.62,0
SORT1__P9__path_1,SORT1,P9,path_1,3,,,6.33,4.33,0
SORT1__P9__path_1,SORT1,P9,path_1,4,,,6.2,5.05,0
SORT1__SORT2__path_1,SORT1,SORT2,path_1,0,,,9.72,2.16,0
SORT1__SORT2__path_1,SORT1,SORT2,path_1,1,,,10.36,4.05,0
SORT1__OUT1__path_1,SORT1,OUT1,path_1,0,,,9.72,2.16,0
SORT1__OUT1__path_1,SORT1,OUT1,path_1,1,,,12.0,2.0,0
SORT1__OUT2__path_1,SORT1,OUT2,path_1,0,,,9.72,2.16,0
SORT1__OUT2__path_1,SORT1,OUT2,path_1,1,,,12.0,4.0,0
SORT1__CHG1__path_1,SORT1,CHG1,path_1,0,,,9.72,2.16,0
SORT1__CHG1__path_1,SORT1,CHG1,path_1,1,,,8.62,0.73,0
SORT1__CHG1__path_1,SORT1,CHG1,path_1,2,,,1.0,0.0,0
SORT1__CHG2__path_1,SORT1,CHG2,path_1,0,,,9.72,2.16,0
SORT1__CHG2__path_1,SORT1,CHG2,path_1,1,,,9.0,0.0,0
SORT2__IN1__path_1,SORT2,IN1,path_1,0,,,10.36,4.05,0
SORT2__IN1__path_1,SORT2,IN1,path_1,1,,,5.03,3.82,0
SORT2__IN1__path_1,SORT2,IN1,path_1,2,,,3.23,2.92,0
SORT2__IN1__path_1,SORT2,IN1,path_1,3,,,0.0,1.0,0
SORT2__IN2__path_1,SORT2,IN2,path_1,0,,,10.36,4.05,0
SORT2__IN2__path_1,SORT2,IN2,path_1,1,,,3.83,4.43,0
SORT2__IN2__path_1,SORT2,IN2,path_1,2,,,0.0,5.0,0
SORT2__P1__path_1,SORT2,P1,path_1,0,,,10.36,4.05,0
SORT2__P1__path_1,SORT2,P1,path_1,1,,,5.03,3.82,0
SORT2__P1__path_1,SORT2,P1,path_1,2,,,3.23,2.92,0
SORT2__P1__path_1,SORT2,P1,path_1,3,,,3.12,0.95,0
SORT2__P2__path_1,SORT2,P2,path_1,0,,,10.36,4.05,0
SORT2__P2__path_1,SORT2,P2,path_1,1,,,6.43,3.62,0
SORT2__P2__path_1,SORT2,P2,path_1,2,,,6.32,2.93,0
SORT2__P2__path_1,SORT2,P2,path_1,3,,,4.36,2.35,0
SORT2__P3__path_1,SORT2,P3,path_1,0,,,10.36,4.05,0
SORT2__P3__path_1,SORT2,P3,path_1,1,,,3.83,4.43,0
SORT2__P3__path_1,SORT2,P3,path_1,2,,,3.72,5.25,0
SORT2__P4__path_1,SORT2,P4,path_1,0,,,10.36,4.05,0
SORT2__P4__path_1,SORT2,P4,path_1,1,,,6.43,3.62,0
SORT2__P4__path_1,SORT2,P4,path_1,2,,,6.32,2.93,0
SORT2__P4__path_1,SORT2,P4,path_1,3,,,5.23,2.57,0
SORT2__P4__path_1,SORT2,P4,path_1,4,,,5.05,1.35,0
SORT2__P5__path_1,SORT2,P5,path_1,0,,,10.36,4.05,0
SORT2__P5__path_1,SORT2,P5,path_1,1,,,5.62,4.1,0
SORT2__P6__path_1,SORT2,P6,path_1,0,,,10.36,4.05,0
SORT2__P6__path_1,SORT2,P6,path_1,1,,,7.98,5.55,0
SORT2__P7__path_1,SORT2,P7,path_1,0,,,10.36,4.05,0
SORT2__P7__path_1,SORT2,P7,path_1,1,,,8.62,0.73,0
SORT2__P7__path_1,SORT2,P7,path_1,2,,,7.53,0.73,0
SORT2__P7__path_1,SORT2,P7,path_1,3,,,7.38,1.0,0
SORT2__P8__path_1,SORT2,P8,path_1,0,,,10.36,4.05,0
SORT2__P8__path_1,SORT2,P8,path_1,1,,,8.72,2.35,0
SORT2__P9__path_1,SORT2,P9,path_1,0,,,10.36,4.05,0
SORT2__P9__path_1,SORT2,P9,path_1,1,,,6.33,4.33,0
SORT2__P9__path_1,SORT2,P9,path_1,2,,,6.2,5.05,0
SORT2__SORT1__path_1,SORT2,SORT1,path_1,0,,,10.36,4.05,0
SORT2__SORT1__path_1,SORT2,SORT1,path_1,1,,,9.72,2.16,0
SORT2__OUT1__path_1,SORT2,OUT1,path_1,0,,,10.36,4.05,0
SORT2__OUT1__path_1,SORT2,OUT1,path_1,1,,,12.0,2.0,0
SORT2__OUT2__path_1,SORT2,OUT2,path_1,0,,,10.36,4.05,0
SORT2__OUT2__path_1,SORT2,OUT2,path_1,1,,,12.0,4.0,0
SORT2__CHG1__path_1,SORT2,CHG1,path_1,0,,,10.36,4.05,0
SORT2__CHG1__path_1,SORT2,CHG1,path_1,1,,,5.03,3.82,0
SORT2__CHG1__path_1,SORT2,CHG1,path_1,2,,,3.23,2.92,0
SORT2__CHG1__path_1,SORT2,CHG1,path_1,3,,,1.0,0.0,0
SORT2__CHG2__path_1,SORT2,CHG2,path_1,0,,,10.36,4.05,0
SORT2__CHG2__path_1,SORT2,CHG2,path_1,1,,,9.0,0.0,0
OUT1__IN1__path_1,OUT1,IN1,path_1,0,,,12.0,2.0,0
OUT1__IN1__path_1,OUT1,IN1,path_1,1,,,8.62,0.73,0
OUT1__IN1__path_1,OUT1,IN1,path_1,2,,,6.57,0.58,0
OUT1__IN1__path_1,OUT1,IN1,path_1,3,,,4.32,0.53,0
OUT1__IN1__path_1,OUT1,IN1,path_1,4,,,3.23,0.53,0
OUT1__IN1__path_1,OUT1,IN1,path_1,5,,,0.0,1.0,0
OUT1__IN2__path_1,OUT1,IN2,path_1,0,,,12.0,2.0,0
OUT1__IN2__path_1,OUT1,IN2,path_1,1,,,7.72,3.62,0
OUT1__IN2__path_1,OUT1,IN2,path_1,2,,,0.0,5.0,0
OUT1__P1__path_1,OUT1,P1,path_1,0,,,12.0,2.0,0
OUT1__P1__path_1,OUT1,P1,path_1,1,,,8.62,0.73,0
OUT1__P1__path_1,OUT1,P1,path_1,2,,,6.57,0.58,0
OUT1__P1__path_1,OUT1,P1,path_1,3,,,4.32,0.53,0
OUT1__P1__path_1,OUT1,P1,path_1,4,,,3.23,0.53,0
OUT1__P1__path_1,OUT1,P1,path_1,5,,,3.12,0.95,0
OUT1__P2__path_1,OUT1,P2,path_1,0,,,12.0,2.0,0
OUT1__P2__path_1,OUT1,P2,path_1,1,,,7.72,3.62,0
OUT1__P2__path_1,OUT1,P2,path_1,2,,,6.43,3.62,0
OUT1__P2__path_1,OUT1,P2,path_1,3,,,6.32,2.93,0
OUT1__P2__path_1,OUT1,P2,path_1,4,,,4.36,2.35,0
OUT1__P3__path_1,OUT1,P3,path_1,0,,,12.0,2.0,0
OUT1__P3__path_1,OUT1,P3,path_1,1,,,7.72,3.62,0
OUT1__P3__path_1,OUT1,P3,path_1,2,,,3.83,4.43,0
OUT1__P3__path_1,OUT1,P3,path_1,3,,,3.72,5.25,0
OUT1__P4__path_1,OUT1,P4,path_1,0,,,12.0,2.0,0
OUT1__P4__path_1,OUT1,P4,path_1,1,,,8.62,0.73,0
OUT1__P4__path_1,OUT1,P4,path_1,2,,,6.57,0.58,0
OUT1__P4__path_1,OUT1,P4,path_1,3,,,5.23,0.58,0
OUT1__P4__path_1,OUT1,P4,path_1,4,,,5.05,1.35,0
OUT1__P5__path_1,OUT1,P5,path_1,0,,,12.0,2.0,0
OUT1__P5__path_1,OUT1,P5,path_1,1,,,7.72,3.62,0
OUT1__P5__path_1,OUT1,P5,path_1,2,,,5.62,4.1,0
OUT1__P6__path_1,OUT1,P6,path_1,0,,,12.0,2.0,0
OUT1__P6__path_1,OUT1,P6,path_1,1,,,8.02,5.52,0
OUT1__P6__path_1,OUT1,P6,path_1,2,,,7.98,5.55,0
OUT1__P7__path_1,OUT1,P7,path_1,0,,,12.0,2.0,0
OUT1__P7__path_1,OUT1,P7,path_1,1,,,8.62,0.73,0
OUT1__P7__path_1,OUT1,P7,path_1,2,,,7.53,0.73,0
OUT1__P7__path_1,OUT1,P7,path_1,3,,,7.38,1.0,0
OUT1__P8__path_1,OUT1,P8,path_1,0,,,12.0,2.0,0
OUT1__P8__path_1,OUT1,P8,path_1,1,,,8.72,2.35,0
OUT1__P9__path_1,OUT1,P9,path_1,0,,,12.0,2.0,0
OUT1__P9__path_1,OUT1,P9,path_1,1,,,6.33,4.33,0
OUT1__P9__path_1,OUT1,P9,path_1,2,,,6.2,5.05,0
OUT1__SORT1__path_1,OUT1,SORT1,path_1,0,,,12.0,2.0,0
OUT1__SORT1__path_1,OUT1,SORT1,path_1,1,,,9.72,2.16,0
OUT1__SORT2__path_1,OUT1,SORT2,path_1,0,,,12.0,2.0,0
OUT1__SORT2__path_1,OUT1,SORT2,path_1,1,,,10.36,4.05,0
OUT1__OUT2__path_1,OUT1,OUT2,path_1,0,,,12.0,2.0,0
OUT1__OUT2__path_1,OUT1,OUT2,path_1,1,,,12.0,4.0,0
OUT1__CHG1__path_1,OUT1,CHG1,path_1,0,,,12.0,2.0,0
OUT1__CHG1__path_1,OUT1,CHG1,path_1,1,,,8.62,0.73,0
OUT1__CHG1__path_1,OUT1,CHG1,path_1,2,,,1.0,0.0,0
OUT1__CHG2__path_1,OUT1,CHG2,path_1,0,,,12.0,2.0,0
OUT1__CHG2__path_1,OUT1,CHG2,path_1,1,,,9.0,0.0,0
OUT2__IN1__path_1,OUT2,IN1,path_1,0,,,12.0,4.0,0
OUT2__IN1__path_1,OUT2,IN1,path_1,1,,,5.03,3.82,0
OUT2__IN1__path_1,OUT2,IN1,path_1,2,,,3.23,2.92,0
OUT2__IN1__path_1,OUT2,IN1,path_1,3,,,0.0,1.0,0
OUT2__IN2__path_1,OUT2,IN2,path_1,0,,,12.0,4.0,0
OUT2__IN2__path_1,OUT2,IN2,path_1,1,,,3.83,4.43,0
OUT2__IN2__path_1,OUT2,IN2,path_1,2,,,0.0,5.0,0
OUT2__P1__path_1,OUT2,P1,path_1,0,,,12.0,4.0,0
OUT2__P1__path_1,OUT2,P1,path_1,1,,,8.62,0.73,0
OUT2__P1__path_1,OUT2,P1,path_1,2,,,6.57,0.58,0
OUT2__P1__path_1,OUT2,P1,path_1,3,,,4.32,0.53,0
OUT2__P1__path_1,OUT2,P1,path_1,4,,,3.23,0.53,0
OUT2__P1__path_1,OUT2,P1,path_1,5,,,3.12,0.95,0
OUT2__P2__path_1,OUT2,P2,path_1,0,,,12.0,4.0,0
OUT2__P2__path_1,OUT2,P2,path_1,1,,,6.43,3.62,0
OUT2__P2__path_1,OUT2,P2,path_1,2,,,6.32,2.93,0
OUT2__P2__path_1,OUT2,P2,path_1,3,,,4.36,2.35,0
OUT2__P3__path_1,OUT2,P3,path_1,0,,,12.0,4.0,0
OUT2__P3__path_1,OUT2,P3,path_1,1,,,3.83,4.43,0
OUT2__P3__path_1,OUT2,P3,path_1,2,,,3.72,5.25,0
OUT2__P4__path_1,OUT2,P4,path_1,0,,,12.0,4.0,0
OUT2__P4__path_1,OUT2,P4,path_1,1,,,6.43,3.62,0
OUT2__P4__path_1,OUT2,P4,path_1,2,,,6.32,2.93,0
OUT2__P4__path_1,OUT2,P4,path_1,3,,,5.23,2.57,0
OUT2__P4__path_1,OUT2,P4,path_1,4,,,5.05,1.35,0
OUT2__P5__path_1,OUT2,P5,path_1,0,,,12.0,4.0,0
OUT2__P5__path_1,OUT2,P5,path_1,1,,,5.62,4.1,0
OUT2__P6__path_1,OUT2,P6,path_1,0,,,12.0,4.0,0
OUT2__P6__path_1,OUT2,P6,path_1,1,,,7.98,5.55,0
OUT2__P7__path_1,OUT2,P7,path_1,0,,,12.0,4.0,0
OUT2__P7__path_1,OUT2,P7,path_1,1,,,8.62,0.73,0
OUT2__P7__path_1,OUT2,P7,path_1,2,,,7.53,0.73,0
OUT2__P7__path_1,OUT2,P7,path_1,3,,,7.38,1.0,0
OUT2__P8__path_1,OUT2,P8,path_1,0,,,12.0,4.0,0
OUT2__P8__path_1,OUT2,P8,path_1,1,,,8.72,2.35,0
OUT2__P9__path_1,OUT2,P9,path_1,0,,,12.0,4.0,0
OUT2__P9__path_1,OUT2,P9,path_1,1,,,6.33,4.33,0
OUT2__P9__path_1,OUT2,P9,path_1,2,,,6.2,5.05,0
OUT2__SORT1__path_1,OUT2,SORT1,path_1,0,,,12.0,4.0,0
OUT2__SORT1__path_1,OUT2,SORT1,path_1,1,,,9.72,2.16,0
OUT2__SORT2__path_1,OUT2,SORT2,path_1,0,,,12.0,4.0,0
OUT2__SORT2__path_1,OUT2,SORT2,path_1,1,,,10.36,4.05,0
OUT2__OUT1__path_1,OUT2,OUT1,path_1,0,,,12.0,4.0,0
OUT2__OUT1__path_1,OUT2,OUT1,path_1,1,,,12.0,2.0,0
OUT2__CHG1__path_1,OUT2,CHG1,path_1,0,,,12.0,4.0,0
OUT2__CHG1__path_1,OUT2,CHG1,path_1,1,,,8.62,0.73,0
OUT2__CHG1__path_1,OUT2,CHG1,path_1,2,,,1.0,0.0,0
OUT2__CHG2__path_1,OUT2,CHG2,path_1,0,,,12.0,4.0,0
OUT2__CHG2__path_1,OUT2,CHG2,path_1,1,,,9.0,0.0,0
CHG1__IN1__path_1,CHG1,IN1,path_1,0,,,1.0,0.0,0
CHG1__IN1__path_1,CHG1,IN1,path_1,1,,,0.0,1.0,0
CHG1__IN2__path_1,CHG1,IN2,path_1,0,,,1.0,0.0,0
CHG1__IN2__path_1,CHG1,IN2,path_1,1,,,0.0,5.0,0
CHG1__P1__path_1,CHG1,P1,path_1,0,,,1.0,0.0,0
CHG1__P1__path_1,CHG1,P1,path_1,1,,,3.12,0.95,0
CHG1__P2__path_1,CHG1,P2,path_1,0,,,1.0,0.0,0
CHG1__P2__path_1,CHG1,P2,path_1,1,,,4.32,0.53,0
CHG1__P2__path_1,CHG1,P2,path_1,2,,,4.36,2.35,0
CHG1__P3__path_1,CHG1,P3,path_1,0,,,1.0,0.0,0
CHG1__P3__path_1,CHG1,P3,path_1,1,,,3.72,5.25,0
CHG1__P4__path_1,CHG1,P4,path_1,0,,,1.0,0.0,0
CHG1__P4__path_1,CHG1,P4,path_1,1,,,4.32,0.53,0
CHG1__P4__path_1,CHG1,P4,path_1,2,,,5.05,1.35,0
CHG1__P5__path_1,CHG1,P5,path_1,0,,,1.0,0.0,0
CHG1__P5__path_1,CHG1,P5,path_1,1,,,3.23,2.92,0
CHG1__P5__path_1,CHG1,P5,path_1,2,,,5.03,3.82,0
CHG1__P5__path_1,CHG1,P5,path_1,3,,,5.62,4.1,0
CHG1__P6__path_1,CHG1,P6,path_1,0,,,1.0,0.0,0
CHG1__P6__path_1,CHG1,P6,path_1,1,,,3.23,2.92,0
CHG1__P6__path_1,CHG1,P6,path_1,2,,,5.32,4.43,0
CHG1__P6__path_1,CHG1,P6,path_1,3,,,6.33,5.52,0
CHG1__P6__path_1,CHG1,P6,path_1,4,,,7.98,5.55,0
CHG1__P7__path_1,CHG1,P7,path_1,0,,,1.0,0.0,0
CHG1__P7__path_1,CHG1,P7,path_1,1,,,6.57,0.58,0
CHG1__P7__path_1,CHG1,P7,path_1,2,,,7.38,1.0,0
CHG1__P8__path_1,CHG1,P8,path_1,0,,,1.0,0.0,0
CHG1__P8__path_1,CHG1,P8,path_1,1,,,8.62,0.73,0
CHG1__P8__path_1,CHG1,P8,path_1,2,,,8.72,2.35,0
CHG1__P9__path_1,CHG1,P9,path_1,0,,,1.0,0.0,0
CHG1__P9__path_1,CHG1,P9,path_1,1,,,3.23,2.92,0
CHG1__P9__path_1,CHG1,P9,path_1,2,,,6.2,5.05,0
CHG1__SORT1__path_1,CHG1,SORT1,path_1,0,,,1.0,0.0,0
CHG1__SORT1__path_1,CHG1,SORT1,path_1,1,,,8.62,0.73,0
CHG1__SORT1__path_1,CHG1,SORT1,path_1,2,,,9.72,2.16,0
CHG1__SORT2__path_1,CHG1,SORT2,path_1,0,,,1.0,0.0,0
CHG1__SORT2__path_1,CHG1,SORT2,path_1,1,,,3.23,2.92,0
CHG1__SORT2__path_1,CHG1,SORT2,path_1,2,,,5.03,3.82,0
CHG1__SORT2__path_1,CHG1,SORT2,path_1,3,,,10.36,4.05,0
CHG1__OUT1__path_1,CHG1,OUT1,path_1,0,,,1.0,0.0,0
CHG1__OUT1__path_1,CHG1,OUT1,path_1,1,,,8.62,0.73,0
CHG1__OUT1__path_1,CHG1,OUT1,path_1,2,,,12.0,2.0,0
CHG1__OUT2__path_1,CHG1,OUT2,path_1,0,,,1.0,0.0,0
CHG1__OUT2__path_1,CHG1,OUT2,path_1,1,,,8.62,0.73,0
CHG1__OUT2__path_1,CHG1,OUT2,path_1,2,,,12.0,4.0,0
CHG1__CHG2__path_1,CHG1,CHG2,path_1,0,,,1.0,0.0,0
CHG1__CHG2__path_1,CHG1,CHG2,path_1,1,,,9.0,0.0,0
CHG2__IN1__path_1,CHG2,IN1,path_1,0,,,9.0,0.0,0
CHG2__IN1__path_1,CHG2,IN1,path_1,1,,,3.23,0.53,0
CHG2__IN1__path_1,CHG2,IN1,path_1,2,,,0.0,1.0,0
CHG2__IN2__path_1,CHG2,IN2,path_1,0,,,9.0,0.0,0
CHG2__IN2__path_1,CHG2,IN2,path_1,1,,,7.53,0.73,0
CHG2__IN2__path_1,CHG2,IN2,path_1,2,,,6.57,2.57,0
CHG2__IN2__path_1,CHG2,IN2,path_1,3,,,5.03,2.93,0
CHG2__IN2__path_1,CHG2,IN2,path_1,4,,,0.0,5.0,0
CHG2__P1__path_1,CHG2,P1,path_1,0,,,9.0,0.0,0
CHG2__P1__path_1,CHG2,P1,path_1,1,,,3.23,0.53,0
CHG2__P1__path_1,CHG2,P1,path_1,2,,,3.12,0.95,0
CHG2__P2__path_1,CHG2,P2,path_1,0,,,9.0,0.0,0
CHG2__P2__path_1,CHG2,P2,path_1,1,,,5.23,0.58,0
CHG2__P2__path_1,CHG2,P2,path_1,2,,,4.36,2.35,0
CHG2__P3__path_1,CHG2,P3,path_1,0,,,9.0,0.0,0
CHG2__P3__path_1,CHG2,P3,path_1,1,,,7.53,0.73,0
CHG2__P3__path_1,CHG2,P3,path_1,2,,,6.57,2.57,0
CHG2__P3__path_1,CHG2,P3,path_1,3,,,5.03,2.93,0
CHG2__P3__path_1,CHG2,P3,path_1,4,,,3.83,4.43,0
CHG2__P3__path_1,CHG2,P3,path_1,5,,,3.72,5.25,0
CHG2__P4__path_1,CHG2,P4,path_1,0,,,9.0,0.0,0
CHG2__P4__path_1,CHG2,P4,path_1,1,,,5.23,0.58,0
CHG2__P4__path_1,CHG2,P4,path_1,2,,,5.05,1.35,0
CHG2__P5__path_1,CHG2,P5,path_1,0,,,9.0,0.0,0
CHG2__P5__path_1,CHG2,P5,path_1,1,,,7.53,0.73,0
CHG2__P5__path_1,CHG2,P5,path_1,2,,,6.57,2.57,0
CHG2__P5__path_1,CHG2,P5,path_1,3,,,6.43,2.83,0
CHG2__P5__path_1,CHG2,P5,path_1,4,,,6.32,3.82,0
CHG2__P5__path_1,CHG2,P5,path_1,5,,,5.62,4.1,0
CHG2__P6__path_1,CHG2,P6,path_1,0,,,9.0,0.0,0
CHG2__P6__path_1,CHG2,P6,path_1,1,,,8.62,3.02,0
CHG2__P6__path_1,CHG2,P6,path_1,2,,,8.02,5.52,0
CHG2__P6__path_1,CHG2,P6,path_1,3,,,7.98,5.55,0
CHG2__P7__path_1,CHG2,P7,path_1,0,,,9.0,0.0,0
CHG2__P7__path_1,CHG2,P7,path_1,1,,,7.53,0.73,0
CHG2__P7__path_1,CHG2,P7,path_1,2,,,7.38,1.0,0
CHG2__P8__path_1,CHG2,P8,path_1,0,,,9.0,0.0,0
CHG2__P8__path_1,CHG2,P8,path_1,1,,,8.72,2.35,0
CHG2__P9__path_1,CHG2,P9,path_1,0,,,9.0,0.0,0
CHG2__P9__path_1,CHG2,P9,path_1,1,,,7.53,0.73,0
CHG2__P9__path_1,CHG2,P9,path_1,2,,,6.57,2.57,0
CHG2__P9__path_1,CHG2,P9,path_1,3,,,6.43,2.83,0
CHG2__P9__path_1,CHG2,P9,path_1,4,,,6.2,5.05,0
CHG2__SORT1__path_1,CHG2,SORT1,path_1,0,,,9.0,0.0,0
CHG2__SORT1__path_1,CHG2,SORT1,path_1,1,,,9.72,2.16,0
CHG2__SORT2__path_1,CHG2,SORT2,path_1,0,,,9.0,0.0,0
CHG2__SORT2__path_1,CHG2,SORT2,path_1,1,,,10.36,4.05,0
CHG2__OUT1__path_1,CHG2,OUT1,path_1,0,,,9.0,0.0,0
CHG2__OUT1__path_1,CHG2,OUT1,path_1,1,,,12.0,2.0,0
CHG2__OUT2__path_1,CHG2,OUT2,path_1,0,,,9.0,0.0,0
CHG2__OUT2__path_1,CHG2,OUT2,path_1,1,,,12.0,4.0,0
CHG2__CHG1__path_1,CHG2,CHG1,path_1,0,,,9.0,0.0,0
CHG2__CHG1__path_1,CHG2,CHG1,path_1,1,,,1.0,0.0,0
