run_id,seed,n,method,p1_algorithm,amr_count,H,Cmax,total_delay,late_count,priority_late_count,missing_path_count,missing_transition_count,missing_loaded_path_count,energy_violation_count,solve_time,feasible,capacity_satisfied,F2,F3,case_tasks_csv,case_amrs_csv,case_output_dir,solver_info,source
stage3_m2_s0_n01,0,1,m2,mixed,4,55.0,14.106667,0.0,0,0.0,0,0,0,0,0.053,1,1,70.533333,160.263467,data/processed/p5/stage3_task_capacity/stage3_inputs/seed_0/n_01/tasks.csv,data/processed/p5/stage3_task_capacity/stage3_inputs/seed_0/n_01/amrs.csv,data/processed/p5/stage3_task_capacity/stage3_p2_outputs/m2_seed_0_n_01,"{""level_values"": {""missing"": 0, ""f1_priority_late"": 0.0, ""f1_late"": 0.0, ""f2"": 70.533335, ""f3"": 160.26347}, ""level_status"": {""missing"": ""skipped_at_lower_bound"", ""f1_priority_late"": ""skipped_at_lower_bound"", ""f1_late"": ""skipped_at_lower_bound"", ""f2"": ""Optimal Solution Found"", ""f3"": ""Optimal Solution Found""}, ""level_order"": [""missing"", ""f1_priority_late"", ""f1_late"", ""f2"", ""f3""], ""solution_source"": ""milp"", ""solve_seconds"": 0.053}",p5_stage3_self_run
stage3_m2_s0_n02,0,2,m2,mixed,4,55.0,14.162333,0.0,0,0.0,0,0,0,0,0.062,1,1,70.811667,181.246333,data/processed/p5/stage3_task_capacity/stage3_inputs/seed_0/n_02/tasks.csv,data/processed/p5/stage3_task_capacity/stage3_inputs/seed_0/n_02/amrs.csv,data/processed/p5/stage3_task_capacity/stage3_p2_outputs/m2_seed_0_n_02,"{""level_values"": {""missing"": 0, ""f1_priority_late"": 0.0, ""f1_late"": 0.0, ""f2"": 70.811665, ""f3"": 181.24633}, ""level_status"": {""missing"": ""skipped_at_lower_bound"", ""f1_priority_late"": ""skipped_at_lower_bound"", ""f1_late"": ""skipped_at_lower_bound"", ""f2"": ""Optimal Solution Found"", ""f3"": ""Optimal Solution Found""}, ""level_order"": [""missing"", ""f1_priority_late"", ""f1_late"", ""f2"", ""f3""], ""solution_source"": ""milp"", ""solve_seconds"": 0.062}",p5_stage3_self_run
stage3_m2_s0_n03,0,3,m2,mixed,4,55.0,14.162333,0.0,0,0.0,0,0,0,0,0.07,1,1,70.811667,208.031133,data/processed/p5/stage3_task_capacity/stage3_inputs/seed_0/n_03/tasks.csv,data/processed/p5/stage3_task_capacity/stage3_inputs/seed_0/n_03/amrs.csv,data/processed/p5/stage3_task_capacity/stage3_p2_outputs/m2_seed_0_n_03,"{""level_values"": {""missing"": 0, ""f1_priority_late"": 0.0, ""f1_late"": 0.0, ""f2"": 70.811665, ""f3"": 208.03113}, ""level_status"": {""missing"": ""skipped_at_lower_bound"", ""f1_priority_late"": ""skipped_at_lower_bound"", ""f1_late"": ""skipped_at_lower_bound"", ""f2"": ""Optimal Solution Found"", ""f3"": ""Optimal Solution Found""}, ""level_order"": [""missing"", ""f1_priority_late"", ""f1_late"", ""f2"", ""f3""], ""solution_source"": ""milp"", ""solve_seconds"": 0.07}",p5_stage3_self_run
stage3_m2_s0_n04,0,4,m2,mixed,4,55.0,14.724222,0.0,0,0.0,0,0,0,0,0.081,1,1,73.621111,139.292105,data/processed/p5/stage3_task_capacity/stage3_inputs/seed_0/n_04/tasks.csv,data/processed/p5/stage3_task_capacity/stage3_inputs/seed_0/n_04/amrs.csv,data/processed/p5/stage3_task_capacity/stage3_p2_outputs/m2_seed_0_n_04,"{""level_values"": {""missing"": 0, ""f1_priority_late"": 0.0, ""f1_late"": 0.0, ""f2"": 73.62111, ""f3"": 75.2216}, ""level_status"": {""missing"": ""skipped_at_lower_bound"", ""f1_priority_late"": ""skipped_at_lower_bound"", ""f1_late"": ""skipped_at_lower_bound"", ""f2"": ""Optimal Solution Found"", ""f3"": ""Optimal Solution Found""}, ""level_order"": [""missing"", ""f1_priority_late"", ""f1_late"", ""f2"", ""f3""], ""solution_source"": ""milp"", ""solve_seconds"": 0.081}",p5_stage3_self_run
stage3_m2_s0_n05,0,5,m2,mixed,4,55.0,17.417273,0.0,0,0.0,0,0,0,0,0.184,1,1,87.086364,123.248794,data/processed/p5/stage3_task_capacity/stage3_inputs/seed_0/n_05/tasks.csv,data/processed/p5/stage3_task_capacity/stage3_inputs/seed_0/n_05/amrs.csv,data/processed/p5/stage3_task_capacity/stage3_p2_outputs/m2_seed_0_n_05,"{""level_values"": {""missing"": 0, ""f1_priority_late"": 0.0, ""f1_late"": 0.0, ""f2"": 87.086365, ""f3"": 90.6994}, ""level_status"": {""missing"": ""skipped_at_lower_bound"", ""f1_priority_late"": ""skipped_at_lower_bound"", ""f1_late"": ""skipped_at_lower_bound"", ""f2"": ""Optimal Solution Found"", ""f3"": ""Optimal Solution Found""}, ""level_order"": [""missing"", ""f1_priority_late"", ""f1_late"", ""f2"", ""f3""], ""solution_source"": ""milp"", ""solve_seconds"": 0.184}",p5_stage3_self_run
stage3_m2_s0_n06,0,6,m2,mixed,4,55.0,23.503939,0.0,0,0.0,0,0,0,0,6.417,1,1,117.519697,202.035261,data/processed/p5/stage3_task_capacity/stage3_inputs/seed_0/n_06/tasks.csv,data/processed/p5/stage3_task_capacity/stage3_inputs/seed_0/n_06/amrs.csv,data/processed/p5/stage3_task_capacity/stage3_p2_outputs/m2_seed_0_n_06,"{""level_values"": {""missing"": 0, ""f1_priority_late"": 0.0, ""f1_late"": 0.0, ""f2"": 117.519695, ""f3"": 116.0542}, ""level_status"": {""missing"": ""skipped_at_lower_bound"", ""f1_priority_late"": ""skipped_at_lower_bound"", ""f1_late"": ""skipped_at_lower_bound"", ""f2"": ""Optimal Solution Found"", ""f3"": ""Optimal Solution Found""}, ""level_order"": [""missing"", ""f1_priority_late"", ""f1_late"", ""f2"", ""f3""], ""solution_source"": ""warm_start_fallback"", ""solve_seconds"": 6.417}",p5_stage3_self_run
stage3_m2_s0_n07,0,7,m2,mixed,4,55.0,25.264848,0.0,0,0.0,0,0,0,0,28.846,1,1,126.324242,211.795739,data/processed/p5/stage3_task_capacity/stage3_inputs/seed_0/n_07/tasks.csv,data/processed/p5/stage3_task_capacity/stage3_inputs/seed_0/n_07/amrs.csv,data/processed/p5/stage3_task_capacity/stage3_p2_outputs/m2_seed_0_n_07,"{""level_values"": {""missing"": 0, ""f1_priority_late"": 0.0, ""f1_late"": 0.0, ""f2"": 126.32424, ""f3"": 133.035}, ""level_status"": {""missing"": ""skipped_at_lower_bound"", ""f1_priority_late"": ""skipped_at_lower_bound"", ""f1_late"": ""skipped_at_lower_bound"", ""f2"": ""Optimal Solution Found"", ""f3"": ""Optimal Solution Found""}, ""level_order"": [""missing"", ""f1_priority_late"", ""f1_late"", ""f2"", ""f3""], ""solution_source"": ""warm_start_fallback"", ""solve_seconds"": 28.845}",p5_stage3_self_run
stage3_m2_s0_n08,0,8,m2,mixed,4,55.0,26.887778,0.0,0,0.0,0,0,0,0,36.46,1,1,134.438889,213.097911,data/processed/p5/stage3_task_capacity/stage3_inputs/seed_0/n_08/tasks.csv,data/processed/p5/stage3_task_capacity/stage3_inputs/seed_0/n_08/amrs.csv,data/processed/p5/stage3_task_capacity/stage3_p2_outputs/m2_seed_0_n_08,"{""level_values"": {""missing"": 0, ""f1_priority_late"": 0.0, ""f1_late"": 0.0, ""f2"": 134.43889, ""f3"": 157.0868}, ""level_status"": {""missing"": ""skipped_at_lower_bound"", ""f1_priority_late"": ""skipped_at_lower_bound"", ""f1_late"": ""skipped_at_lower_bound"", ""f2"": ""Solution Found"", ""f3"": ""Optimal Solution Found""}, ""level_order"": [""missing"", ""f1_priority_late"", ""f1_late"", ""f2"", ""f3""], ""solution_source"": ""milp"", ""solve_seconds"": 36.46}",p5_stage3_self_run
stage3_m2_s0_n09,0,9,m2,mixed,4,55.0,29.959778,0.0,0,0.0,0,0,0,0,54.394,1,1,149.798889,213.600422,data/processed/p5/stage3_task_capacity/stage3_inputs/seed_0/n_09/tasks.csv,data/processed/p5/stage3_task_capacity/stage3_inputs/seed_0/n_09/amrs.csv,data/processed/p5/stage3_task_capacity/stage3_p2_outputs/m2_seed_0_n_09,"{""level_values"": {""missing"": 0, ""f1_priority_late"": 0.0, ""f1_late"": 0.0, ""f2"": 151.97222, ""f3"": 184.9482}, ""level_status"": {""missing"": ""skipped_at_lower_bound"", ""f1_priority_late"": ""skipped_at_lower_bound"", ""f1_late"": ""skipped_at_lower_bound"", ""f2"": ""Solution Found"", ""f3"": ""Optimal Solution Found""}, ""level_order"": [""missing"", ""f1_priority_late"", ""f1_late"", ""f2"", ""f3""], ""solution_source"": ""milp"", ""solve_seconds"": 54.393}",p5_stage3_self_run
stage3_m2_s0_n10,0,10,m2,mixed,4,55.0,36.768667,0.0,0,0.0,0,0,0,0,59.166,1,1,183.843333,251.502941,data/processed/p5/stage3_task_capacity/stage3_inputs/seed_0/n_10/tasks.csv,data/processed/p5/stage3_task_capacity/stage3_inputs/seed_0/n_10/amrs.csv,data/processed/p5/stage3_task_capacity/stage3_p2_outputs/m2_seed_0_n_10,"{""level_values"": {""missing"": 0, ""f1_priority_late"": 0.0, ""f1_late"": 0.0, ""f2"": 183.843335, ""f3"": 225.55547}, ""level_status"": {""missing"": ""skipped_at_lower_bound"", ""f1_priority_late"": ""skipped_at_lower_bound"", ""f1_late"": ""skipped_at_lower_bound"", ""f2"": ""Solution Found"", ""f3"": ""Solution Found""}, ""level_order"": [""missing"", ""f1_priority_late"", ""f1_late"", ""f2"", ""f3""], ""solution_source"": ""milp"", ""solve_seconds"": 59.166}",p5_stage3_self_run
stage3_m2_s0_n11,0,11,m2,mixed,4,55.0,40.840111,0.0,0,0.0,0,0,0,0,58.856,1,1,204.200556,273.676704,data/processed/p5/stage3_task_capacity/stage3_inputs/seed_0/n_11/tasks.csv,data/processed/p5/stage3_task_capacity/stage3_inputs/seed_0/n_11/amrs.csv,data/processed/p5/stage3_task_capacity/stage3_p2_outputs/m2_seed_0_n_11,"{""level_values"": {""missing"": 0, ""f1_priority_late"": 0.0, ""f1_late"": 0.0, ""f2"": 204.200555, ""f3"": 258.457}, ""level_status"": {""missing"": ""skipped_at_lower_bound"", ""f1_priority_late"": ""skipped_at_lower_bound"", ""f1_late"": ""skipped_at_lower_bound"", ""f2"": ""Solution Found"", ""f3"": ""Solution Found""}, ""level_order"": [""missing"", ""f1_priority_late"", ""f1_late"", ""f2"", ""f3""], ""solution_source"": ""warm_start_fallback"", ""solve_seconds"": 58.855}",p5_stage3_self_run
stage3_m2_s0_n12,0,12,m2,mixed,4,55.0,40.840111,0.0,0,0.0,0,0,0,0,58.71,1,1,204.200556,280.812214,data/processed/p5/stage3_task_capacity/stage3_inputs/seed_0/n_12/tasks.csv,data/processed/p5/stage3_task_capacity/stage3_inputs/seed_0/n_12/amrs.csv,data/processed/p5/stage3_task_capacity/stage3_p2_outputs/m2_seed_0_n_12,"{""level_values"": {""missing"": 0, ""f1_priority_late"": 0.0, ""f1_late"": 0.0, ""f2"": 204.200555, ""f3"": 258.3808}, ""level_status"": {""missing"": ""skipped_at_lower_bound"", ""f1_priority_late"": ""skipped_at_lower_bound"", ""f1_late"": ""skipped_at_lower_bound"", ""f2"": ""Solution Found"", ""f3"": ""Solution Found""}, ""level_order"": [""missing"", ""f1_priority_late"", ""f1_late"", ""f2"", ""f3""], ""solution_source"": ""milp"", ""solve_seconds"": 58.709}",p5_stage3_self_run
stage3_m2_s0_n13,0,13,m2,mixed,4,55.0,45.724,0.0,0,0.0,0,0,0,0,58.592,1,1,228.62,312.552867,data/processed/p5/stage3_task_capacity/stage3_inputs/seed_0/n_13/tasks.csv,data/processed/p5/stage3_task_capacity/stage3_inputs/seed_0/n_13/amrs.csv,data/processed/p5/stage3_task_capacity/stage3_p2_outputs/m2_seed_0_n_13,"{""level_values"": {""missing"": 0, ""f1_priority_late"": 0.0, ""f1_late"": 0.0, ""f2"": 228.62, ""f3"": 303.9562}, ""level_status"": {""missing"": ""skipped_at_lower_bound"", ""f1_priority_late"": ""skipped_at_lower_bound"", ""f1_late"": ""skipped_at_lower_bound"", ""f2"": ""Solution Found"", ""f3"": ""Solution Found""}, ""level_order"": [""missing"", ""f1_priority_late"", ""f1_late"", ""f2"", ""f3""], ""solution_source"": ""milp"", ""solve_seconds"": 58.592}",p5_stage3_self_run
stage3_m2_s0_n14,0,14,m2,mixed,4,55.0,49.839889,0.0,0,0.0,0,0,0,0,58.192,1,1,249.199444,359.347178,data/processed/p5/stage3_task_capacity/stage3_inputs/seed_0/n_14/tasks.csv,data/processed/p5/stage3_task_capacity/stage3_inputs/seed_0/n_14/amrs.csv,data/processed/p5/stage3_task_capacity/stage3_p2_outputs/m2_seed_0_n_14,"{""level_values"": {""missing"": 0, ""f1_priority_late"": 0.0, ""f1_late"": 0.0, ""f2"": 249.199445, ""f3"": 331.6494}, ""level_status"": {""missing"": ""skipped_at_lower_bound"", ""f1_priority_late"": ""skipped_at_lower_bound"", ""f1_late"": ""skipped_at_lower_bound"", ""f2"": ""Solution Found"", ""f3"": ""Solution Found""}, ""level_order"": [""missing"", ""f1_priority_late"", ""f1_late"", ""f2"", ""f3""], ""solution_source"": ""milp"", ""solve_seconds"": 58.191}",p5_stage3_self_run
stage3_m2_s0_n15,0,15,m2,mixed,4,55.0,58.344747,5.344747,1,1.0,0,0,0,0,115.824,1,0,558.961111,445.799576,data/processed/p5/stage3_task_capacity/stage3_inputs/seed_0/n_15/tasks.csv,data/processed/p5/stage3_task_capacity/stage3_inputs/seed_0/n_15/amrs.csv,data/processed/p5/stage3_task_capacity/stage3_p2_outputs/m2_seed_0_n_15,"{""level_values"": {""missing"": 0, ""f1_priority_late"": 1.0, ""f1_late"": 1.0, ""f2"": 558.96111, ""f3"": 441.23167}, ""level_status"": {""missing"": ""skipped_at_lower_bound"", ""f1_priority_late"": ""Solution Found"", ""f1_late"": ""Solution Found"", ""f2"": ""Solution Found"", ""f3"": ""Solution Found""}, ""level_order"": [""missing"", ""f1_priority_late"", ""f1_late"", ""f2"", ""f3""], ""solution_source"": ""milp"", ""solve_seconds"": 115.824}",p5_stage3_self_run
stage3_m2_s0_n16,0,16,m2,mixed,4,55.0,66.559,27.178136,2,2.0,0,0,0,0,114.618,1,0,1691.70179,571.467578,data/processed/p5/stage3_task_capacity/stage3_inputs/seed_0/n_16/tasks.csv,data/processed/p5/stage3_task_capacity/stage3_inputs/seed_0/n_16/amrs.csv,data/processed/p5/stage3_task_capacity/stage3_p2_outputs/m2_seed_0_n_16,"{""level_values"": {""missing"": 0, ""f1_priority_late"": 2.0, ""f1_late"": 2.0, ""f2"": 1691.70179, ""f3"": 554.609}, ""level_status"": {""missing"": ""skipped_at_lower_bound"", ""f1_priority_late"": ""Solution Found"", ""f1_late"": ""Solution Found"", ""f2"": ""Solution Found"", ""f3"": ""Solution Found""}, ""level_order"": [""missing"", ""f1_priority_late"", ""f1_late"", ""f2"", ""f3""], ""solution_source"": ""warm_start_fallback"", ""solve_seconds"": 114.616}",p5_stage3_self_run
stage3_m2_s0_n17,0,17,m2,mixed,4,55.0,67.099889,31.189741,2,2.0,0,0,0,0,113.995,1,0,1894.986481,490.332539,data/processed/p5/stage3_task_capacity/stage3_inputs/seed_0/n_17/tasks.csv,data/processed/p5/stage3_task_capacity/stage3_inputs/seed_0/n_17/amrs.csv,data/processed/p5/stage3_task_capacity/stage3_p2_outputs/m2_seed_0_n_17,"{""level_values"": {""missing"": 0, ""f1_priority_late"": 2.0, ""f1_late"": 2.0, ""f2"": 1894.986495, ""f3"": 483.84926}, ""level_status"": {""missing"": ""skipped_at_lower_bound"", ""f1_priority_late"": ""Solution Found"", ""f1_late"": ""Solution Found"", ""f2"": ""Solution Found"", ""f3"": ""Solution Found""}, ""level_order"": [""missing"", ""f1_priority_late"", ""f1_late"", ""f2"", ""f3""], ""solution_source"": ""warm_start_fallback"", ""solve_seconds"": 113.994}",p5_stage3_self_run
stage3_m2_s0_n18,0,18,m2,mixed,4,55.0,73.666667,45.587,3,3.0,0,0,0,0,113.612,1,0,2647.683333,577.412117,data/processed/p5/stage3_task_capacity/stage3_inputs/seed_0/n_18/tasks.csv,data/processed/p5/stage3_task_capacity/stage3_inputs/seed_0/n_18/amrs.csv,data/processed/p5/stage3_task_capacity/stage3_p2_outputs/m2_seed_0_n_18,"{""level_values"": {""missing"": 0, ""f1_priority_late"": 3.0, ""f1_late"": 3.0, ""f2"": 2647.683363, ""f3"": 567.23627}, ""level_status"": {""missing"": ""skipped_at_lower_bound"", ""f1_priority_late"": ""Solution Found"", ""f1_late"": ""Solution Found"", ""f2"": ""Solution Found"", ""f3"": ""Solution Found""}, ""level_order"": [""missing"", ""f1_priority_late"", ""f1_late"", ""f2"", ""f3""], ""solution_source"": ""warm_start_fallback"", ""solve_seconds"": 113.612}",p5_stage3_self_run
stage3_m2_s0_n19,0,19,m2,mixed,4,55.0,83.545667,75.371519,3,3.0,0,0,0,0,112.559,1,0,4186.304259,703.600107,data/processed/p5/stage3_task_capacity/stage3_inputs/seed_0/n_19/tasks.csv,data/processed/p5/stage3_task_capacity/stage3_inputs/seed_0/n_19/amrs.csv,data/processed/p5/stage3_task_capacity/stage3_p2_outputs/m2_seed_0_n_19,"{""level_values"": {""missing"": 0, ""f1_priority_late"": 3.0, ""f1_late"": 3.0, ""f2"": 4186.304285, ""f3"": 703.19607}, ""level_status"": {""missing"": ""skipped_at_lower_bound"", ""f1_priority_late"": ""Solution Found"", ""f1_late"": ""Solution Found"", ""f2"": ""Solution Found"", ""f3"": ""Solution Found""}, ""level_order"": [""missing"", ""f1_priority_late"", ""f1_late"", ""f2"", ""f3""], ""solution_source"": ""milp"", ""solve_seconds"": 112.558}",p5_stage3_self_run
stage3_m2_s0_n20,0,20,m2,mixed,4,55.0,83.545667,75.371519,3,3.0,0,0,0,0,111.781,1,0,4186.304259,704.463548,data/processed/p5/stage3_task_capacity/stage3_inputs/seed_0/n_20/tasks.csv,data/processed/p5/stage3_task_capacity/stage3_inputs/seed_0/n_20/amrs.csv,data/processed/p5/stage3_task_capacity/stage3_p2_outputs/m2_seed_0_n_20,"{""level_values"": {""missing"": 0, ""f1_priority_late"": 3.0, ""f1_late"": 3.0, ""f2"": 4186.304285, ""f3"": 704.46353}, ""level_status"": {""missing"": ""skipped_at_lower_bound"", ""f1_priority_late"": ""Solution Found"", ""f1_late"": ""Solution Found"", ""f2"": ""Solution Found"", ""f3"": ""Solution Found""}, ""level_order"": [""missing"", ""f1_priority_late"", ""f1_late"", ""f2"", ""f3""], ""solution_source"": ""milp"", ""solve_seconds"": 111.78}",p5_stage3_self_run
stage3_m2_s0_n21,0,21,m2,mixed,4,55.0,81.33642,87.227753,3,3.0,0,0,0,0,111.942,1,0,4768.069753,657.306163,data/processed/p5/stage3_task_capacity/stage3_inputs/seed_0/n_21/tasks.csv,data/processed/p5/stage3_task_capacity/stage3_inputs/seed_0/n_21/amrs.csv,data/processed/p5/stage3_task_capacity/stage3_p2_outputs/m2_seed_0_n_21,"{""level_values"": {""missing"": 0, ""f1_priority_late"": 3.0, ""f1_late"": 3.0, ""f2"": 4768.06975, ""f3"": 657.0496}, ""level_status"": {""missing"": ""skipped_at_lower_bound"", ""f1_priority_late"": ""Solution Found"", ""f1_late"": ""Solution Found"", ""f2"": ""Solution Found"", ""f3"": ""Solution Found""}, ""level_order"": [""missing"", ""f1_priority_late"", ""f1_late"", ""f2"", ""f3""], ""solution_source"": ""milp"", ""solve_seconds"": 111.94}",p5_stage3_self_run
stage3_m2_s0_n22,0,22,m2,mixed,4,55.0,97.073333,115.803765,4,4.0,0,0,0,0,111.902,1,0,6275.554938,856.130818,data/processed/p5/stage3_task_capacity/stage3_inputs/seed_0/n_22/tasks.csv,data/processed/p5/stage3_task_capacity/stage3_inputs/seed_0/n_22/amrs.csv,data/processed/p5/stage3_task_capacity/stage3_p2_outputs/m2_seed_0_n_22,"{""level_values"": {""missing"": 0, ""f1_priority_late"": 4.0, ""f1_late"": 4.0, ""f2"": 6275.554955, ""f3"": 833.61153}, ""level_status"": {""missing"": ""skipped_at_lower_bound"", ""f1_priority_late"": ""Solution Found"", ""f1_late"": ""Solution Found"", ""f2"": ""Solution Found"", ""f3"": ""Solution Found""}, ""level_order"": [""missing"", ""f1_priority_late"", ""f1_late"", ""f2"", ""f3""], ""solution_source"": ""warm_start_fallback"", ""solve_seconds"": 111.9}",p5_stage3_self_run
stage3_m2_s0_n23,0,23,m2,mixed,4,55.0,105.671975,137.788704,4,4.0,0,0,0,0,112.276,1,0,7417.795062,966.991038,data/processed/p5/stage3_task_capacity/stage3_inputs/seed_0/n_23/tasks.csv,data/processed/p5/stage3_task_capacity/stage3_inputs/seed_0/n_23/amrs.csv,data/processed/p5/stage3_task_capacity/stage3_p2_outputs/m2_seed_0_n_23,"{""level_values"": {""missing"": 0, ""f1_priority_late"": 4.0, ""f1_late"": 4.0, ""f2"": 7417.79505, ""f3"": 944.4718}, ""level_status"": {""missing"": ""skipped_at_lower_bound"", ""f1_priority_late"": ""Solution Found"", ""f1_late"": ""Solution Found"", ""f2"": ""Solution Found"", ""f3"": ""Solution Found""}, ""level_order"": [""missing"", ""f1_priority_late"", ""f1_late"", ""f2"", ""f3""], ""solution_source"": ""warm_start_fallback"", ""solve_seconds"": 112.274}",p5_stage3_self_run
stage3_m2_s0_n24,0,24,m2,mixed,4,55.0,94.978395,136.551705,5,6.0,0,0,0,1,29.42,0,0,7611.03055,787.89004,data/processed/p5/stage3_task_capacity/stage3_inputs/seed_0/n_24/tasks.csv,data/processed/p5/stage3_task_capacity/stage3_inputs/seed_0/n_24/amrs.csv,data/processed/p5/stage3_task_capacity/stage3_p2_outputs/m2_seed_0_n_24,"{""level_values"": {}, ""level_status"": {""missing"": ""no_solution(No Solution Found)""}, ""level_order"": [""missing"", ""f1_priority_late"", ""f1_late"", ""f2"", ""f3""], ""solution_source"": ""warm_start_fallback"", ""solve_seconds"": 29.418}",p5_stage3_self_run
stage3_m2_s0_n25,0,25,m2,mixed,4,55.0,103.612963,176.153022,6,8.0,0,0,0,1,30.075,0,0,10970.487419,933.327407,data/processed/p5/stage3_task_capacity/stage3_inputs/seed_0/n_25/tasks.csv,data/processed/p5/stage3_task_capacity/stage3_inputs/seed_0/n_25/amrs.csv,data/processed/p5/stage3_task_capacity/stage3_p2_outputs/m2_seed_0_n_25,"{""level_values"": {}, ""level_status"": {""missing"": ""no_solution(No Solution Found)""}, ""level_order"": [""missing"", ""f1_priority_late"", ""f1_late"", ""f2"", ""f3""], ""solution_source"": ""warm_start_fallback"", ""solve_seconds"": 30.073}",p5_stage3_self_run
stage3_m2_s0_n26,0,26,m2,mixed,4,55.0,112.509444,263.350915,7,9.0,0,0,0,1,30.018,0,0,16166.457031,938.452022,data/processed/p5/stage3_task_capacity/stage3_inputs/seed_0/n_26/tasks.csv,data/processed/p5/stage3_task_capacity/stage3_inputs/seed_0/n_26/amrs.csv,data/processed/p5/stage3_task_capacity/stage3_p2_outputs/m2_seed_0_n_26,"{""level_values"": {}, ""level_status"": {""missing"": ""no_solution(No Solution Found)""}, ""level_order"": [""missing"", ""f1_priority_late"", ""f1_late"", ""f2"", ""f3""], ""solution_source"": ""warm_start_fallback"", ""solve_seconds"": 30.016}",p5_stage3_self_run
stage3_m2_s0_n27,0,27,m2,mixed,4,55.0,129.526173,322.773719,7,9.0,0,0,0,2,30.918,0,0,18586.884714,1102.805062,data/processed/p5/stage3_task_capacity/stage3_inputs/seed_0/n_27/tasks.csv,data/processed/p5/stage3_task_capacity/stage3_inputs/seed_0/n_27/amrs.csv,data/processed/p5/stage3_task_capacity/stage3_p2_outputs/m2_seed_0_n_27,"{""level_values"": {}, ""level_status"": {""missing"": ""no_solution(No Solution Found)""}, ""level_order"": [""missing"", ""f1_priority_late"", ""f1_late"", ""f2"", ""f3""], ""solution_source"": ""warm_start_fallback"", ""solve_seconds"": 30.916}",p5_stage3_self_run
stage3_m2_s0_n28,0,28,m2,mixed,4,55.0,112.998889,252.790687,7,10.0,0,0,0,3,29.33,0,0,15531.869394,890.612776,data/processed/p5/stage3_task_capacity/stage3_inputs/seed_0/n_28/tasks.csv,data/processed/p5/stage3_task_capacity/stage3_inputs/seed_0/n_28/amrs.csv,data/processed/p5/stage3_task_capacity/stage3_p2_outputs/m2_seed_0_n_28,"{""level_values"": {}, ""level_status"": {""missing"": ""no_solution(No Solution Found)""}, ""level_order"": [""missing"", ""f1_priority_late"", ""f1_late"", ""f2"", ""f3""], ""solution_source"": ""warm_start_fallback"", ""solve_seconds"": 29.327}",p5_stage3_self_run
stage3_m2_s0_n29,0,29,m2,mixed,4,55.0,110.704242,257.236952,6,9.0,0,0,0,4,30.948,0,0,17000.430079,894.905269,data/processed/p5/stage3_task_capacity/stage3_inputs/seed_0/n_29/tasks.csv,data/processed/p5/stage3_task_capacity/stage3_inputs/seed_0/n_29/amrs.csv,data/processed/p5/stage3_task_capacity/stage3_p2_outputs/m2_seed_0_n_29,"{""level_values"": {}, ""level_status"": {""missing"": ""no_solution(No Solution Found)""}, ""level_order"": [""missing"", ""f1_priority_late"", ""f1_late"", ""f2"", ""f3""], ""solution_source"": ""warm_start_fallback"", ""solve_seconds"": 30.945}",p5_stage3_self_run
stage3_m2_s0_n30,0,30,m2,mixed,4,55.0,125.454444,348.370063,8,11.0,0,0,0,5,32.089,0,0,21729.35688,986.356513,data/processed/p5/stage3_task_capacity/stage3_inputs/seed_0/n_30/tasks.csv,data/processed/p5/stage3_task_capacity/stage3_inputs/seed_0/n_30/amrs.csv,data/processed/p5/stage3_task_capacity/stage3_p2_outputs/m2_seed_0_n_30,"{""level_values"": {}, ""level_status"": {""missing"": ""no_solution(No Solution Found)""}, ""level_order"": [""missing"", ""f1_priority_late"", ""f1_late"", ""f2"", ""f3""], ""solution_source"": ""warm_start_fallback"", ""solve_seconds"": 32.086}",p5_stage3_self_run
stage3_m2_s1_n01,1,1,m2,mixed,4,55.0,14.106667,0.0,0,0.0,0,0,0,0,0.057,1,1,70.533333,160.263467,data/processed/p5/stage3_task_capacity/stage3_inputs/seed_1/n_01/tasks.csv,data/processed/p5/stage3_task_capacity/stage3_inputs/seed_1/n_01/amrs.csv,data/processed/p5/stage3_task_capacity/stage3_p2_outputs/m2_seed_1_n_01,"{""level_values"": {""missing"": 0, ""f1_priority_late"": 0.0, ""f1_late"": 0.0, ""f2"": 70.533335, ""f3"": 160.26347}, ""level_status"": {""missing"": ""skipped_at_lower_bound"", ""f1_priority_late"": ""skipped_at_lower_bound"", ""f1_late"": ""skipped_at_lower_bound"", ""f2"": ""Optimal Solution Found"", ""f3"": ""Optimal Solution Found""}, ""level_order"": [""missing"", ""f1_priority_late"", ""f1_late"", ""f2"", ""f3""], ""solution_source"": ""milp"", ""solve_seconds"": 0.057}",p5_stage3_self_run
stage3_m2_s1_n02,1,2,m2,mixed,4,55.0,14.162333,0.0,0,0.0,0,0,0,0,0.059,1,1,70.811667,181.246333,data/processed/p5/stage3_task_capacity/stage3_inputs/seed_1/n_02/tasks.csv,data/processed/p5/stage3_task_capacity/stage3_inputs/seed_1/n_02/amrs.csv,data/processed/p5/stage3_task_capacity/stage3_p2_outputs/m2_seed_1_n_02,"{""level_values"": {""missing"": 0, ""f1_priority_late"": 0.0, ""f1_late"": 0.0, ""f2"": 70.811665, ""f3"": 181.24633}, ""level_status"": {""missing"": ""skipped_at_lower_bound"", ""f1_priority_late"": ""skipped_at_lower_bound"", ""f1_late"": ""skipped_at_lower_bound"", ""f2"": ""Optimal Solution Found"", ""f3"": ""Optimal Solution Found""}, ""level_order"": [""missing"", ""f1_priority_late"", ""f1_late"", ""f2"", ""f3""], ""solution_source"": ""milp"", ""solve_seconds"": 0.059}",p5_stage3_self_run
stage3_m2_s1_n03,1,3,m2,mixed,4,55.0,14.162333,0.0,0,0.0,0,0,0,0,0.06,1,1,70.811667,208.031133,data/processed/p5/stage3_task_capacity/stage3_inputs/seed_1/n_03/tasks.csv,data/processed/p5/stage3_task_capacity/stage3_inputs/seed_1/n_03/amrs.csv,data/processed/p5/stage3_task_capacity/stage3_p2_outputs/m2_seed_1_n_03,"{""level_values"": {""missing"": 0, ""f1_priority_late"": 0.0, ""f1_late"": 0.0, ""f2"": 70.811665, ""f3"": 208.03113}, ""level_status"": {""missing"": ""skipped_at_lower_bound"", ""f1_priority_late"": ""skipped_at_lower_bound"", ""f1_late"": ""skipped_at_lower_bound"", ""f2"": ""Optimal Solution Found"", ""f3"": ""Optimal Solution Found""}, ""level_order"": [""missing"", ""f1_priority_late"", ""f1_late"", ""f2"", ""f3""], ""solution_source"": ""milp"", ""solve_seconds"": 0.059}",p5_stage3_self_run
stage3_m2_s1_n04,1,4,m2,mixed,4,55.0,14.724222,0.0,0,0.0,0,0,0,0,0.074,1,1,73.621111,139.292105,data/processed/p5/stage3_task_capacity/stage3_inputs/seed_1/n_04/tasks.csv,data/processed/p5/stage3_task_capacity/stage3_inputs/seed_1/n_04/amrs.csv,data/processed/p5/stage3_task_capacity/stage3_p2_outputs/m2_seed_1_n_04,"{""level_values"": {""missing"": 0, ""f1_priority_late"": 0.0, ""f1_late"": 0.0, ""f2"": 73.62111, ""f3"": 75.2216}, ""level_status"": {""missing"": ""skipped_at_lower_bound"", ""f1_priority_late"": ""skipped_at_lower_bound"", ""f1_late"": ""skipped_at_lower_bound"", ""f2"": ""Optimal Solution Found"", ""f3"": ""Optimal Solution Found""}, ""level_order"": [""missing"", ""f1_priority_late"", ""f1_late"", ""f2"", ""f3""], ""solution_source"": ""milp"", ""solve_seconds"": 0.073}",p5_stage3_self_run
stage3_m2_s1_n05,1,5,m2,mixed,4,55.0,17.417273,0.0,0,0.0,0,0,0,0,0.144,1,1,87.086364,123.248794,data/processed/p5/stage3_task_capacity/stage3_inputs/seed_1/n_05/tasks.csv,data/processed/p5/stage3_task_capacity/stage3_inputs/seed_1/n_05/amrs.csv,data/processed/p5/stage3_task_capacity/stage3_p2_outputs/m2_seed_1_n_05,"{""level_values"": {""missing"": 0, ""f1_priority_late"": 0.0, ""f1_late"": 0.0, ""f2"": 87.086365, ""f3"": 90.6994}, ""level_status"": {""missing"": ""skipped_at_lower_bound"", ""f1_priority_late"": ""skipped_at_lower_bound"", ""f1_late"": ""skipped_at_lower_bound"", ""f2"": ""Optimal Solution Found"", ""f3"": ""Optimal Solution Found""}, ""level_order"": [""missing"", ""f1_priority_late"", ""f1_late"", ""f2"", ""f3""], ""solution_source"": ""milp"", ""solve_seconds"": 0.144}",p5_stage3_self_run
stage3_m2_s1_n06,1,6,m2,mixed,4,55.0,23.503939,0.0,0,0.0,0,0,0,0,6.187,1,1,117.519697,202.035261,data/processed/p5/stage3_task_capacity/stage3_inputs/seed_1/n_06/tasks.csv,data/processed/p5/stage3_task_capacity/stage3_inputs/seed_1/n_06/amrs.csv,data/processed/p5/stage3_task_capacity/stage3_p2_outputs/m2_seed_1_n_06,"{""level_values"": {""missing"": 0, ""f1_priority_late"": 0.0, ""f1_late"": 0.0, ""f2"": 117.519695, ""f3"": 116.0542}, ""level_status"": {""missing"": ""skipped_at_lower_bound"", ""f1_priority_late"": ""skipped_at_lower_bound"", ""f1_late"": ""skipped_at_lower_bound"", ""f2"": ""Optimal Solution Found"", ""f3"": ""Optimal Solution Found""}, ""level_order"": [""missing"", ""f1_priority_late"", ""f1_late"", ""f2"", ""f3""], ""solution_source"": ""warm_start_fallback"", ""solve_seconds"": 6.186}",p5_stage3_self_run
stage3_m2_s1_n07,1,7,m2,mixed,4,55.0,25.264848,0.0,0,0.0,0,0,0,0,27.722,1,1,126.324242,211.795739,data/processed/p5/stage3_task_capacity/stage3_inputs/seed_1/n_07/tasks.csv,data/processed/p5/stage3_task_capacity/stage3_inputs/seed_1/n_07/amrs.csv,data/processed/p5/stage3_task_capacity/stage3_p2_outputs/m2_seed_1_n_07,"{""level_values"": {""missing"": 0, ""f1_priority_late"": 0.0, ""f1_late"": 0.0, ""f2"": 126.32424, ""f3"": 133.035}, ""level_status"": {""missing"": ""skipped_at_lower_bound"", ""f1_priority_late"": ""skipped_at_lower_bound"", ""f1_late"": ""skipped_at_lower_bound"", ""f2"": ""Optimal Solution Found"", ""f3"": ""Optimal Solution Found""}, ""level_order"": [""missing"", ""f1_priority_late"", ""f1_late"", ""f2"", ""f3""], ""solution_source"": ""warm_start_fallback"", ""solve_seconds"": 27.722}",p5_stage3_self_run
stage3_m2_s1_n08,1,8,m2,mixed,4,55.0,26.887778,0.0,0,0.0,0,0,0,0,36.154,1,1,134.438889,213.097911,data/processed/p5/stage3_task_capacity/stage3_inputs/seed_1/n_08/tasks.csv,data/processed/p5/stage3_task_capacity/stage3_inputs/seed_1/n_08/amrs.csv,data/processed/p5/stage3_task_capacity/stage3_p2_outputs/m2_seed_1_n_08,"{""level_values"": {""missing"": 0, ""f1_priority_late"": 0.0, ""f1_late"": 0.0, ""f2"": 134.43889, ""f3"": 157.0868}, ""level_status"": {""missing"": ""skipped_at_lower_bound"", ""f1_priority_late"": ""skipped_at_lower_bound"", ""f1_late"": ""skipped_at_lower_bound"", ""f2"": ""Solution Found"", ""f3"": ""Optimal Solution Found""}, ""level_order"": [""missing"", ""f1_priority_late"", ""f1_late"", ""f2"", ""f3""], ""solution_source"": ""milp"", ""solve_seconds"": 36.153}",p5_stage3_self_run
stage3_m2_s1_n09,1,9,m2,mixed,4,55.0,29.959778,0.0,0,0.0,0,0,0,0,53.47,1,1,149.798889,213.600422,data/processed/p5/stage3_task_capacity/stage3_inputs/seed_1/n_09/tasks.csv,data/processed/p5/stage3_task_capacity/stage3_inputs/seed_1/n_09/amrs.csv,data/processed/p5/stage3_task_capacity/stage3_p2_outputs/m2_seed_1_n_09,"{""level_values"": {""missing"": 0, ""f1_priority_late"": 0.0, ""f1_late"": 0.0, ""f2"": 151.97222, ""f3"": 184.9482}, ""level_status"": {""missing"": ""skipped_at_lower_bound"", ""f1_priority_late"": ""skipped_at_lower_bound"", ""f1_late"": ""skipped_at_lower_bound"", ""f2"": ""Solution Found"", ""f3"": ""Optimal Solution Found""}, ""level_order"": [""missing"", ""f1_priority_late"", ""f1_late"", ""f2"", ""f3""], ""solution_source"": ""milp"", ""solve_seconds"": 53.47}",p5_stage3_self_run
stage3_m2_s1_n10,1,10,m2,mixed,4,55.0,36.768667,0.0,0,0.0,0,0,0,0,59.207,1,1,183.843333,251.502941,data/processed/p5/stage3_task_capacity/stage3_inputs/seed_1/n_10/tasks.csv,data/processed/p5/stage3_task_capacity/stage3_inputs/seed_1/n_10/amrs.csv,data/processed/p5/stage3_task_capacity/stage3_p2_outputs/m2_seed_1_n_10,"{""level_values"": {""missing"": 0, ""f1_priority_late"": 0.0, ""f1_late"": 0.0, ""f2"": 183.843335, ""f3"": 225.55547}, ""level_status"": {""missing"": ""skipped_at_lower_bound"", ""f1_priority_late"": ""skipped_at_lower_bound"", ""f1_late"": ""skipped_at_lower_bound"", ""f2"": ""Solution Found"", ""f3"": ""Solution Found""}, ""level_order"": [""missing"", ""f1_priority_late"", ""f1_late"", ""f2"", ""f3""], ""solution_source"": ""milp"", ""solve_seconds"": 59.206}",p5_stage3_self_run
stage3_m2_s1_n11,1,11,m2,mixed,4,55.0,40.840111,0.0,0,0.0,0,0,0,0,58.922,1,1,204.200556,273.676704,data/processed/p5/stage3_task_capacity/stage3_inputs/seed_1/n_11/tasks.csv,data/processed/p5/stage3_task_capacity/stage3_inputs/seed_1/n_11/amrs.csv,data/processed/p5/stage3_task_capacity/stage3_p2_outputs/m2_seed_1_n_11,"{""level_values"": {""missing"": 0, ""f1_priority_late"": 0.0, ""f1_late"": 0.0, ""f2"": 204.200555, ""f3"": 258.457}, ""level_status"": {""missing"": ""skipped_at_lower_bound"", ""f1_priority_late"": ""skipped_at_lower_bound"", ""f1_late"": ""skipped_at_lower_bound"", ""f2"": ""Solution Found"", ""f3"": ""Solution Found""}, ""level_order"": [""missing"", ""f1_priority_late"", ""f1_late"", ""f2"", ""f3""], ""solution_source"": ""warm_start_fallback"", ""solve_seconds"": 58.922}",p5_stage3_self_run
stage3_m2_s1_n12,1,12,m2,mixed,4,55.0,40.840111,0.0,0,0.0,0,0,0,0,58.683,1,1,204.200556,280.812214,data/processed/p5/stage3_task_capacity/stage3_inputs/seed_1/n_12/tasks.csv,data/processed/p5/stage3_task_capacity/stage3_inputs/seed_1/n_12/amrs.csv,data/processed/p5/stage3_task_capacity/stage3_p2_outputs/m2_seed_1_n_12,"{""level_values"": {""missing"": 0, ""f1_priority_late"": 0.0, ""f1_late"": 0.0, ""f2"": 204.200555, ""f3"": 258.3808}, ""level_status"": {""missing"": ""skipped_at_lower_bound"", ""f1_priority_late"": ""skipped_at_lower_bound"", ""f1_late"": ""skipped_at_lower_bound"", ""f2"": ""Solution Found"", ""f3"": ""Solution Found""}, ""level_order"": [""missing"", ""f1_priority_late"", ""f1_late"", ""f2"", ""f3""], ""solution_source"": ""milp"", ""solve_seconds"": 58.682}",p5_stage3_self_run
stage3_m2_s1_n13,1,13,m2,mixed,4,55.0,45.724,0.0,0,0.0,0,0,0,0,58.536,1,1,228.62,314.326049,data/processed/p5/stage3_task_capacity/stage3_inputs/seed_1/n_13/tasks.csv,data/processed/p5/stage3_task_capacity/stage3_inputs/seed_1/n_13/amrs.csv,data/processed/p5/stage3_task_capacity/stage3_p2_outputs/m2_seed_1_n_13,"{""level_values"": {""missing"": 0, ""f1_priority_late"": 0.0, ""f1_late"": 0.0, ""f2"": 228.62, ""f3"": 307.1452}, ""level_status"": {""missing"": ""skipped_at_lower_bound"", ""f1_priority_late"": ""skipped_at_lower_bound"", ""f1_late"": ""skipped_at_lower_bound"", ""f2"": ""Solution Found"", ""f3"": ""Solution Found""}, ""level_order"": [""missing"", ""f1_priority_late"", ""f1_late"", ""f2"", ""f3""], ""solution_source"": ""warm_start_fallback"", ""solve_seconds"": 58.535}",p5_stage3_self_run
stage3_m2_s1_n14,1,14,m2,mixed,4,55.0,49.92642,0.0,0,0.0,0,0,0,0,58.215,1,1,249.632099,384.715842,data/processed/p5/stage3_task_capacity/stage3_inputs/seed_1/n_14/tasks.csv,data/processed/p5/stage3_task_capacity/stage3_inputs/seed_1/n_14/amrs.csv,data/processed/p5/stage3_task_capacity/stage3_p2_outputs/m2_seed_1_n_14,"{""level_values"": {""missing"": 0, ""f1_priority_late"": 0.0, ""f1_late"": 0.0, ""f2"": 249.6321, ""f3"": 383.4114}, ""level_status"": {""missing"": ""skipped_at_lower_bound"", ""f1_priority_late"": ""skipped_at_lower_bound"", ""f1_late"": ""skipped_at_lower_bound"", ""f2"": ""Solution Found"", ""f3"": ""Solution Found""}, ""level_order"": [""missing"", ""f1_priority_late"", ""f1_late"", ""f2"", ""f3""], ""solution_source"": ""milp"", ""solve_seconds"": 58.214}",p5_stage3_self_run
stage3_m2_s1_n15,1,15,m2,mixed,4,55.0,56.068222,8.068222,1,1.0,0,0,0,0,116.045,1,0,683.752222,423.05459,data/processed/p5/stage3_task_capacity/stage3_inputs/seed_1/n_15/tasks.csv,data/processed/p5/stage3_task_capacity/stage3_inputs/seed_1/n_15/amrs.csv,data/processed/p5/stage3_task_capacity/stage3_p2_outputs/m2_seed_1_n_15,"{""level_values"": {""missing"": 0, ""f1_priority_late"": 1.0, ""f1_late"": 1.0, ""f2"": 683.75222, ""f3"": 414.42402}, ""level_status"": {""missing"": ""skipped_at_lower_bound"", ""f1_priority_late"": ""Solution Found"", ""f1_late"": ""Solution Found"", ""f2"": ""Solution Found"", ""f3"": ""Solution Found""}, ""level_order"": [""missing"", ""f1_priority_late"", ""f1_late"", ""f2"", ""f3""], ""solution_source"": ""warm_start_fallback"", ""solve_seconds"": 116.045}",p5_stage3_self_run
stage3_m2_s1_n16,1,16,m2,mixed,4,55.0,59.722667,35.148593,2,2.0,0,0,0,0,114.475,1,0,2056.042963,489.074182,data/processed/p5/stage3_task_capacity/stage3_inputs/seed_1/n_16/tasks.csv,data/processed/p5/stage3_task_capacity/stage3_inputs/seed_1/n_16/amrs.csv,data/processed/p5/stage3_task_capacity/stage3_p2_outputs/m2_seed_1_n_16,"{""level_values"": {""missing"": 0, ""f1_priority_late"": 2.0, ""f1_late"": 2.0, ""f2"": 2056.042985, ""f3"": 486.92267}, ""level_status"": {""missing"": ""skipped_at_lower_bound"", ""f1_priority_late"": ""Solution Found"", ""f1_late"": ""Solution Found"", ""f2"": ""Solution Found"", ""f3"": ""Solution Found""}, ""level_order"": [""missing"", ""f1_priority_late"", ""f1_late"", ""f2"", ""f3""], ""solution_source"": ""milp"", ""solve_seconds"": 114.474}",p5_stage3_self_run
stage3_m2_s1_n17,1,17,m2,mixed,4,55.0,58.554667,32.909333,2,2.0,0,0,0,0,114.084,1,0,1938.24,428.317849,data/processed/p5/stage3_task_capacity/stage3_inputs/seed_1/n_17/tasks.csv,data/processed/p5/stage3_task_capacity/stage3_inputs/seed_1/n_17/amrs.csv,data/processed/p5/stage3_task_capacity/stage3_p2_outputs/m2_seed_1_n_17,"{""level_values"": {""missing"": 0, ""f1_priority_late"": 2.0, ""f1_late"": 2.0, ""f2"": 1938.240035, ""f3"": 423.26847}, ""level_status"": {""missing"": ""skipped_at_lower_bound"", ""f1_priority_late"": ""Solution Found"", ""f1_late"": ""Solution Found"", ""f2"": ""Solution Found"", ""f3"": ""Solution Found""}, ""level_order"": [""missing"", ""f1_priority_late"", ""f1_late"", ""f2"", ""f3""], ""solution_source"": ""milp"", ""solve_seconds"": 114.083}",p5_stage3_self_run
stage3_m2_s1_n18,1,18,m2,mixed,4,55.0,63.556667,48.584141,3,4.0,0,0,0,0,113.881,1,0,2916.457071,497.914444,data/processed/p5/stage3_task_capacity/stage3_inputs/seed_1/n_18/tasks.csv,data/processed/p5/stage3_task_capacity/stage3_inputs/seed_1/n_18/amrs.csv,data/processed/p5/stage3_task_capacity/stage3_p2_outputs/m2_seed_1_n_18,"{""level_values"": {""missing"": 0, ""f1_priority_late"": 4.0, ""f1_late"": 3.0, ""f2"": 2916.457097, ""f3"": 494.03667}, ""level_status"": {""missing"": ""skipped_at_lower_bound"", ""f1_priority_late"": ""Solution Found"", ""f1_late"": ""Solution Found"", ""f2"": ""Solution Found"", ""f3"": ""Solution Found""}, ""level_order"": [""missing"", ""f1_priority_late"", ""f1_late"", ""f2"", ""f3""], ""solution_source"": ""milp"", ""solve_seconds"": 113.88}",p5_stage3_self_run
stage3_m2_s1_n19,1,19,m2,mixed,4,55.0,69.003111,39.443091,3,4.0,0,0,0,0,113.082,1,0,2654.463434,583.206689,data/processed/p5/stage3_task_capacity/stage3_inputs/seed_1/n_19/tasks.csv,data/processed/p5/stage3_task_capacity/stage3_inputs/seed_1/n_19/amrs.csv,data/processed/p5/stage3_task_capacity/stage3_p2_outputs/m2_seed_1_n_19,"{""level_values"": {""missing"": 0, ""f1_priority_late"": 4.0, ""f1_late"": 3.0, ""f2"": 2654.46344, ""f3"": 579.32891}, ""level_status"": {""missing"": ""skipped_at_lower_bound"", ""f1_priority_late"": ""Solution Found"", ""f1_late"": ""Solution Found"", ""f2"": ""Solution Found"", ""f3"": ""Solution Found""}, ""level_order"": [""missing"", ""f1_priority_late"", ""f1_late"", ""f2"", ""f3""], ""solution_source"": ""milp"", ""solve_seconds"": 113.081}",p5_stage3_self_run
stage3_m2_s1_n20,1,20,m2,mixed,4,55.0,73.847901,47.933336,3,4.0,0,0,0,0,112.521,1,0,3103.199618,609.28099,data/processed/p5/stage3_task_capacity/stage3_inputs/seed_1/n_20/tasks.csv,data/processed/p5/stage3_task_capacity/stage3_inputs/seed_1/n_20/amrs.csv,data/processed/p5/stage3_task_capacity/stage3_p2_outputs/m2_seed_1_n_20,"{""level_values"": {""missing"": 0, ""f1_priority_late"": 4.0, ""f1_late"": 3.0, ""f2"": 3103.199585, ""f3"": 602.53561}, ""level_status"": {""missing"": ""skipped_at_lower_bound"", ""f1_priority_late"": ""Solution Found"", ""f1_late"": ""Solution Found"", ""f2"": ""Solution Found"", ""f3"": ""Solution Found""}, ""level_order"": [""missing"", ""f1_priority_late"", ""f1_late"", ""f2"", ""f3""], ""solution_source"": ""warm_start_fallback"", ""solve_seconds"": 112.52}",p5_stage3_self_run
stage3_m2_s1_n21,1,21,m2,mixed,4,55.0,80.525432,61.301695,3,4.0,0,0,0,0,112.261,1,0,3929.699776,643.643388,data/processed/p5/stage3_task_capacity/stage3_inputs/seed_1/n_21/tasks.csv,data/processed/p5/stage3_task_capacity/stage3_inputs/seed_1/n_21/amrs.csv,data/processed/p5/stage3_task_capacity/stage3_p2_outputs/m2_seed_1_n_21,"{""level_values"": {""missing"": 0, ""f1_priority_late"": 4.0, ""f1_late"": 3.0, ""f2"": 3929.69979, ""f3"": 620.41075}, ""level_status"": {""missing"": ""skipped_at_lower_bound"", ""f1_priority_late"": ""Solution Found"", ""f1_late"": ""Solution Found"", ""f2"": ""Solution Found"", ""f3"": ""Solution Found""}, ""level_order"": [""missing"", ""f1_priority_late"", ""f1_late"", ""f2"", ""f3""], ""solution_source"": ""milp"", ""solve_seconds"": 112.26}",p5_stage3_self_run
stage3_m2_s1_n22,1,22,m2,mixed,4,55.0,81.532667,73.462121,4,5.0,0,0,0,0,112.551,1,0,4966.749394,643.855677,data/processed/p5/stage3_task_capacity/stage3_inputs/seed_1/n_22/tasks.csv,data/processed/p5/stage3_task_capacity/stage3_inputs/seed_1/n_22/amrs.csv,data/processed/p5/stage3_task_capacity/stage3_p2_outputs/m2_seed_1_n_22,"{""level_values"": {""missing"": 0, ""f1_priority_late"": 5.0, ""f1_late"": 4.0, ""f2"": 4966.7494, ""f3"": 643.85566}, ""level_status"": {""missing"": ""skipped_at_lower_bound"", ""f1_priority_late"": ""Solution Found"", ""f1_late"": ""Solution Found"", ""f2"": ""Solution Found"", ""f3"": ""Solution Found""}, ""level_order"": [""missing"", ""f1_priority_late"", ""f1_late"", ""f2"", ""f3""], ""solution_source"": ""milp"", ""solve_seconds"": 112.55}",p5_stage3_self_run
stage3_m2_s1_n23,1,23,m2,mixed,4,55.0,91.504074,128.393185,4,5.0,0,0,0,0,112.827,1,0,7862.266296,784.014112,data/processed/p5/stage3_task_capacity/stage3_inputs/seed_1/n_23/tasks.csv,data/processed/p5/stage3_task_capacity/stage3_inputs/seed_1/n_23/amrs.csv,data/processed/p5/stage3_task_capacity/stage3_p2_outputs/m2_seed_1_n_23,"{""level_values"": {""missing"": 0, ""f1_priority_late"": 5.0, ""f1_late"": 4.0, ""f2"": 7862.26628, ""f3"": 780.59694}, ""level_status"": {""missing"": ""skipped_at_lower_bound"", ""f1_priority_late"": ""Solution Found"", ""f1_late"": ""Solution Found"", ""f2"": ""Solution Found"", ""f3"": ""Solution Found""}, ""level_order"": [""missing"", ""f1_priority_late"", ""f1_late"", ""f2"", ""f3""], ""solution_source"": ""milp"", ""solve_seconds"": 112.826}",p5_stage3_self_run
stage3_m2_s1_n24,1,24,m2,mixed,4,55.0,96.474938,147.961198,4,5.0,0,0,0,0,112.609,1,0,8638.117901,838.5941,data/processed/p5/stage3_task_capacity/stage3_inputs/seed_1/n_24/tasks.csv,data/processed/p5/stage3_task_capacity/stage3_inputs/seed_1/n_24/amrs.csv,data/processed/p5/stage3_task_capacity/stage3_p2_outputs/m2_seed_1_n_24,"{""level_values"": {""missing"": 0, ""f1_priority_late"": 5.0, ""f1_late"": 4.0, ""f2"": 8638.11792, ""f3"": 834.42238}, ""level_status"": {""missing"": ""skipped_at_lower_bound"", ""f1_priority_late"": ""Solution Found"", ""f1_late"": ""Solution Found"", ""f2"": ""Solution Found"", ""f3"": ""Solution Found""}, ""level_order"": [""missing"", ""f1_priority_late"", ""f1_late"", ""f2"", ""f3""], ""solution_source"": ""milp"", ""solve_seconds"": 112.607}",p5_stage3_self_run
stage3_m2_s1_n25,1,25,m2,mixed,4,55.0,97.240123,157.883366,5,6.0,0,0,0,0,112.712,1,0,9236.348911,821.966499,data/processed/p5/stage3_task_capacity/stage3_inputs/seed_1/n_25/tasks.csv,data/processed/p5/stage3_task_capacity/stage3_inputs/seed_1/n_25/amrs.csv,data/processed/p5/stage3_task_capacity/stage3_p2_outputs/m2_seed_1_n_25,"{""level_values"": {""missing"": 0, ""f1_priority_late"": 6.0, ""f1_late"": 5.0, ""f2"": 9236.3489, ""f3"": 821.96648}, ""level_status"": {""missing"": ""skipped_at_lower_bound"", ""f1_priority_late"": ""Solution Found"", ""f1_late"": ""Solution Found"", ""f2"": ""Solution Found"", ""f3"": ""Solution Found""}, ""level_order"": [""missing"", ""f1_priority_late"", ""f1_late"", ""f2"", ""f3""], ""solution_source"": ""milp"", ""solve_seconds"": 112.71}",p5_stage3_self_run
stage3_m2_s1_n26,1,26,m2,mixed,4,55.0,106.253951,193.779654,6,8.0,0,0,0,0,110.463,1,0,12852.926914,928.404401,data/processed/p5/stage3_task_capacity/stage3_inputs/seed_1/n_26/tasks.csv,data/processed/p5/stage3_task_capacity/stage3_inputs/seed_1/n_26/amrs.csv,data/processed/p5/stage3_task_capacity/stage3_p2_outputs/m2_seed_1_n_26,"{""level_values"": {""missing"": 0, ""f1_priority_late"": 8.0, ""f1_late"": 6.0, ""f2"": 12852.92695, ""f3"": 907.9469}, ""level_status"": {""missing"": ""skipped_at_lower_bound"", ""f1_priority_late"": ""Solution Found"", ""f1_late"": ""Solution Found"", ""f2"": ""Solution Found"", ""f3"": ""Solution Found""}, ""level_order"": [""missing"", ""f1_priority_late"", ""f1_late"", ""f2"", ""f3""], ""solution_source"": ""warm_start_fallback"", ""solve_seconds"": 110.461}",p5_stage3_self_run
stage3_m2_s1_n27,1,27,m2,mixed,4,55.0,98.979383,162.431241,4,5.0,0,0,0,1,30.235,0,0,9721.66807,778.704472,data/processed/p5/stage3_task_capacity/stage3_inputs/seed_1/n_27/tasks.csv,data/processed/p5/stage3_task_capacity/stage3_inputs/seed_1/n_27/amrs.csv,data/processed/p5/stage3_task_capacity/stage3_p2_outputs/m2_seed_1_n_27,"{""level_values"": {}, ""level_status"": {""missing"": ""no_solution(No Solution Found)""}, ""level_order"": [""missing"", ""f1_priority_late"", ""f1_late"", ""f2"", ""f3""], ""solution_source"": ""warm_start_fallback"", ""solve_seconds"": 30.232}",p5_stage3_self_run
stage3_m2_s1_n28,1,28,m2,mixed,4,55.0,108.358025,228.540237,7,10.0,0,0,0,1,28.933,0,0,15025.395903,906.142847,data/processed/p5/stage3_task_capacity/stage3_inputs/seed_1/n_28/tasks.csv,data/processed/p5/stage3_task_capacity/stage3_inputs/seed_1/n_28/amrs.csv,data/processed/p5/stage3_task_capacity/stage3_p2_outputs/m2_seed_1_n_28,"{""level_values"": {}, ""level_status"": {""missing"": ""no_solution(No Solution Found)""}, ""level_order"": [""missing"", ""f1_priority_late"", ""f1_late"", ""f2"", ""f3""], ""solution_source"": ""warm_start_fallback"", ""solve_seconds"": 28.93}",p5_stage3_self_run
stage3_m2_s1_n29,1,29,m2,mixed,4,55.0,103.926173,232.443412,7,9.0,0,0,0,2,31.486,0,0,14088.340853,807.816351,data/processed/p5/stage3_task_capacity/stage3_inputs/seed_1/n_29/tasks.csv,data/processed/p5/stage3_task_capacity/stage3_inputs/seed_1/n_29/amrs.csv,data/processed/p5/stage3_task_capacity/stage3_p2_outputs/m2_seed_1_n_29,"{""level_values"": {}, ""level_status"": {""missing"": ""no_solution(No Solution Found)""}, ""level_order"": [""missing"", ""f1_priority_late"", ""f1_late"", ""f2"", ""f3""], ""solution_source"": ""warm_start_fallback"", ""solve_seconds"": 31.483}",p5_stage3_self_run
stage3_m2_s1_n30,1,30,m2,mixed,4,55.0,108.954321,230.116034,6,9.0,0,0,0,3,32.204,0,0,15183.36541,835.011992,data/processed/p5/stage3_task_capacity/stage3_inputs/seed_1/n_30/tasks.csv,data/processed/p5/stage3_task_capacity/stage3_inputs/seed_1/n_30/amrs.csv,data/processed/p5/stage3_task_capacity/stage3_p2_outputs/m2_seed_1_n_30,"{""level_values"": {}, ""level_status"": {""missing"": ""no_solution(No Solution Found)""}, ""level_order"": [""missing"", ""f1_priority_late"", ""f1_late"", ""f2"", ""f3""], ""solution_source"": ""warm_start_fallback"", ""solve_seconds"": 32.201}",p5_stage3_self_run
stage3_m2_s2_n01,2,1,m2,mixed,4,55.0,14.106667,0.0,0,0.0,0,0,0,0,0.055,1,1,70.533333,160.263467,data/processed/p5/stage3_task_capacity/stage3_inputs/seed_2/n_01/tasks.csv,data/processed/p5/stage3_task_capacity/stage3_inputs/seed_2/n_01/amrs.csv,data/processed/p5/stage3_task_capacity/stage3_p2_outputs/m2_seed_2_n_01,"{""level_values"": {""missing"": 0, ""f1_priority_late"": 0.0, ""f1_late"": 0.0, ""f2"": 70.533335, ""f3"": 160.26347}, ""level_status"": {""missing"": ""skipped_at_lower_bound"", ""f1_priority_late"": ""skipped_at_lower_bound"", ""f1_late"": ""skipped_at_lower_bound"", ""f2"": ""Optimal Solution Found"", ""f3"": ""Optimal Solution Found""}, ""level_order"": [""missing"", ""f1_priority_late"", ""f1_late"", ""f2"", ""f3""], ""solution_source"": ""milp"", ""solve_seconds"": 0.054}",p5_stage3_self_run
stage3_m2_s2_n02,2,2,m2,mixed,4,55.0,14.162333,0.0,0,0.0,0,0,0,0,0.057,1,1,70.811667,181.246333,data/processed/p5/stage3_task_capacity/stage3_inputs/seed_2/n_02/tasks.csv,data/processed/p5/stage3_task_capacity/stage3_inputs/seed_2/n_02/amrs.csv,data/processed/p5/stage3_task_capacity/stage3_p2_outputs/m2_seed_2_n_02,"{""level_values"": {""missing"": 0, ""f1_priority_late"": 0.0, ""f1_late"": 0.0, ""f2"": 70.811665, ""f3"": 181.24633}, ""level_status"": {""missing"": ""skipped_at_lower_bound"", ""f1_priority_late"": ""skipped_at_lower_bound"", ""f1_late"": ""skipped_at_lower_bound"", ""f2"": ""Optimal Solution Found"", ""f3"": ""Optimal Solution Found""}, ""level_order"": [""missing"", ""f1_priority_late"", ""f1_late"", ""f2"", ""f3""], ""solution_source"": ""milp"", ""solve_seconds"": 0.057}",p5_stage3_self_run
stage3_m2_s2_n03,2,3,m2,mixed,4,55.0,14.162333,0.0,0,0.0,0,0,0,0,0.065,1,1,70.811667,208.031133,data/processed/p5/stage3_task_capacity/stage3_inputs/seed_2/n_03/tasks.csv,data/processed/p5/stage3_task_capacity/stage3_inputs/seed_2/n_03/amrs.csv,data/processed/p5/stage3_task_capacity/stage3_p2_outputs/m2_seed_2_n_03,"{""level_values"": {""missing"": 0, ""f1_priority_late"": 0.0, ""f1_late"": 0.0, ""f2"": 70.811665, ""f3"": 208.03113}, ""level_status"": {""missing"": ""skipped_at_lower_bound"", ""f1_priority_late"": ""skipped_at_lower_bound"", ""f1_late"": ""skipped_at_lower_bound"", ""f2"": ""Optimal Solution Found"", ""f3"": ""Optimal Solution Found""}, ""level_order"": [""missing"", ""f1_priority_late"", ""f1_late"", ""f2"", ""f3""], ""solution_source"": ""milp"", ""solve_seconds"": 0.065}",p5_stage3_self_run
stage3_m2_s2_n04,2,4,m2,mixed,4,55.0,14.724222,0.0,0,0.0,0,0,0,0,0.075,1,1,73.621111,139.292105,data/processed/p5/stage3_task_capacity/stage3_inputs/seed_2/n_04/tasks.csv,data/processed/p5/stage3_task_capacity/stage3_inputs/seed_2/n_04/amrs.csv,data/processed/p5/stage3_task_capacity/stage3_p2_outputs/m2_seed_2_n_04,"{""level_values"": {""missing"": 0, ""f1_priority_late"": 0.0, ""f1_late"": 0.0, ""f2"": 73.62111, ""f3"": 75.2216}, ""level_status"": {""missing"": ""skipped_at_lower_bound"", ""f1_priority_late"": ""skipped_at_lower_bound"", ""f1_late"": ""skipped_at_lower_bound"", ""f2"": ""Optimal Solution Found"", ""f3"": ""Optimal Solution Found""}, ""level_order"": [""missing"", ""f1_priority_late"", ""f1_late"", ""f2"", ""f3""], ""solution_source"": ""milp"", ""solve_seconds"": 0.075}",p5_stage3_self_run
stage3_m2_s2_n05,2,5,m2,mixed,4,55.0,17.417273,0.0,0,0.0,0,0,0,0,0.166,1,1,87.086364,123.248794,data/processed/p5/stage3_task_capacity/stage3_inputs/seed_2/n_05/tasks.csv,data/processed/p5/stage3_task_capacity/stage3_inputs/seed_2/n_05/amrs.csv,data/processed/p5/stage3_task_capacity/stage3_p2_outputs/m2_seed_2_n_05,"{""level_values"": {""missing"": 0, ""f1_priority_late"": 0.0, ""f1_late"": 0.0, ""f2"": 87.086365, ""f3"": 90.6994}, ""level_status"": {""missing"": ""skipped_at_lower_bound"", ""f1_priority_late"": ""skipped_at_lower_bound"", ""f1_late"": ""skipped_at_lower_bound"", ""f2"": ""Optimal Solution Found"", ""f3"": ""Optimal Solution Found""}, ""level_order"": [""missing"", ""f1_priority_late"", ""f1_late"", ""f2"", ""f3""], ""solution_source"": ""milp"", ""solve_seconds"": 0.166}",p5_stage3_self_run
stage3_m2_s2_n06,2,6,m2,mixed,4,55.0,23.503939,0.0,0,0.0,0,0,0,0,6.076,1,1,117.519697,202.035261,data/processed/p5/stage3_task_capacity/stage3_inputs/seed_2/n_06/tasks.csv,data/processed/p5/stage3_task_capacity/stage3_inputs/seed_2/n_06/amrs.csv,data/processed/p5/stage3_task_capacity/stage3_p2_outputs/m2_seed_2_n_06,"{""level_values"": {""missing"": 0, ""f1_priority_late"": 0.0, ""f1_late"": 0.0, ""f2"": 117.519695, ""f3"": 116.0542}, ""level_status"": {""missing"": ""skipped_at_lower_bound"", ""f1_priority_late"": ""skipped_at_lower_bound"", ""f1_late"": ""skipped_at_lower_bound"", ""f2"": ""Optimal Solution Found"", ""f3"": ""Optimal Solution Found""}, ""level_order"": [""missing"", ""f1_priority_late"", ""f1_late"", ""f2"", ""f3""], ""solution_source"": ""warm_start_fallback"", ""solve_seconds"": 6.076}",p5_stage3_self_run
stage3_m2_s2_n07,2,7,m2,mixed,4,55.0,25.264848,0.0,0,0.0,0,0,0,0,27.356,1,1,126.324242,211.795739,data/processed/p5/stage3_task_capacity/stage3_inputs/seed_2/n_07/tasks.csv,data/processed/p5/stage3_task_capacity/stage3_inputs/seed_2/n_07/amrs.csv,data/processed/p5/stage3_task_capacity/stage3_p2_outputs/m2_seed_2_n_07,"{""level_values"": {""missing"": 0, ""f1_priority_late"": 0.0, ""f1_late"": 0.0, ""f2"": 126.32424, ""f3"": 133.035}, ""level_status"": {""missing"": ""skipped_at_lower_bound"", ""f1_priority_late"": ""skipped_at_lower_bound"", ""f1_late"": ""skipped_at_lower_bound"", ""f2"": ""Optimal Solution Found"", ""f3"": ""Optimal Solution Found""}, ""level_order"": [""missing"", ""f1_priority_late"", ""f1_late"", ""f2"", ""f3""], ""solution_source"": ""warm_start_fallback"", ""solve_seconds"": 27.356}",p5_stage3_self_run
stage3_m2_s2_n08,2,8,m2,mixed,4,55.0,26.887778,0.0,0,0.0,0,0,0,0,36.094,1,1,134.438889,213.097911,data/processed/p5/stage3_task_capacity/stage3_inputs/seed_2/n_08/tasks.csv,data/processed/p5/stage3_task_capacity/stage3_inputs/seed_2/n_08/amrs.csv,data/processed/p5/stage3_task_capacity/stage3_p2_outputs/m2_seed_2_n_08,"{""level_values"": {""missing"": 0, ""f1_priority_late"": 0.0, ""f1_late"": 0.0, ""f2"": 134.43889, ""f3"": 157.0868}, ""level_status"": {""missing"": ""skipped_at_lower_bound"", ""f1_priority_late"": ""skipped_at_lower_bound"", ""f1_late"": ""skipped_at_lower_bound"", ""f2"": ""Solution Found"", ""f3"": ""Optimal Solution Found""}, ""level_order"": [""missing"", ""f1_priority_late"", ""f1_late"", ""f2"", ""f3""], ""solution_source"": ""milp"", ""solve_seconds"": 36.094}",p5_stage3_self_run
stage3_m2_s2_n09,2,9,m2,mixed,4,55.0,29.959778,0.0,0,0.0,0,0,0,0,53.056,1,1,149.798889,213.600422,data/processed/p5/stage3_task_capacity/stage3_inputs/seed_2/n_09/tasks.csv,data/processed/p5/stage3_task_capacity/stage3_inputs/seed_2/n_09/amrs.csv,data/processed/p5/stage3_task_capacity/stage3_p2_outputs/m2_seed_2_n_09,"{""level_values"": {""missing"": 0, ""f1_priority_late"": 0.0, ""f1_late"": 0.0, ""f2"": 151.97222, ""f3"": 184.9482}, ""level_status"": {""missing"": ""skipped_at_lower_bound"", ""f1_priority_late"": ""skipped_at_lower_bound"", ""f1_late"": ""skipped_at_lower_bound"", ""f2"": ""Solution Found"", ""f3"": ""Optimal Solution Found""}, ""level_order"": [""missing"", ""f1_priority_late"", ""f1_late"", ""f2"", ""f3""], ""solution_source"": ""milp"", ""solve_seconds"": 53.055}",p5_stage3_self_run
stage3_m2_s2_n10,2,10,m2,mixed,4,55.0,36.768667,0.0,0,0.0,0,0,0,0,59.196,1,1,183.843333,251.502941,data/processed/p5/stage3_task_capacity/stage3_inputs/seed_2/n_10/tasks.csv,data/processed/p5/stage3_task_capacity/stage3_inputs/seed_2/n_10/amrs.csv,data/processed/p5/stage3_task_capacity/stage3_p2_outputs/m2_seed_2_n_10,"{""level_values"": {""missing"": 0, ""f1_priority_late"": 0.0, ""f1_late"": 0.0, ""f2"": 183.843335, ""f3"": 225.55547}, ""level_status"": {""missing"": ""skipped_at_lower_bound"", ""f1_priority_late"": ""skipped_at_lower_bound"", ""f1_late"": ""skipped_at_lower_bound"", ""f2"": ""Solution Found"", ""f3"": ""Solution Found""}, ""level_order"": [""missing"", ""f1_priority_late"", ""f1_late"", ""f2"", ""f3""], ""solution_source"": ""milp"", ""solve_seconds"": 59.196}",p5_stage3_self_run
stage3_m2_s2_n11,2,11,m2,mixed,4,55.0,40.840111,0.0,0,0.0,0,0,0,0,58.863,1,1,204.200556,273.676704,data/processed/p5/stage3_task_capacity/stage3_inputs/seed_2/n_11/tasks.csv,data/processed/p5/stage3_task_capacity/stage3_inputs/seed_2/n_11/amrs.csv,data/processed/p5/stage3_task_capacity/stage3_p2_outputs/m2_seed_2_n_11,"{""level_values"": {""missing"": 0, ""f1_priority_late"": 0.0, ""f1_late"": 0.0, ""f2"": 204.200555, ""f3"": 258.457}, ""level_status"": {""missing"": ""skipped_at_lower_bound"", ""f1_priority_late"": ""skipped_at_lower_bound"", ""f1_late"": ""skipped_at_lower_bound"", ""f2"": ""Solution Found"", ""f3"": ""Solution Found""}, ""level_order"": [""missing"", ""f1_priority_late"", ""f1_late"", ""f2"", ""f3""], ""solution_source"": ""warm_start_fallback"", ""solve_seconds"": 58.863}",p5_stage3_self_run
stage3_m2_s2_n12,2,12,m2,mixed,4,55.0,40.840111,0.0,0,0.0,0,0,0,0,58.823,1,1,204.200556,280.812214,data/processed/p5/stage3_task_capacity/stage3_inputs/seed_2/n_12/tasks.csv,data/processed/p5/stage3_task_capacity/stage3_inputs/seed_2/n_12/amrs.csv,data/processed/p5/stage3_task_capacity/stage3_p2_outputs/m2_seed_2_n_12,"{""level_values"": {""missing"": 0, ""f1_priority_late"": 0.0, ""f1_late"": 0.0, ""f2"": 204.200555, ""f3"": 258.3808}, ""level_status"": {""missing"": ""skipped_at_lower_bound"", ""f1_priority_late"": ""skipped_at_lower_bound"", ""f1_late"": ""skipped_at_lower_bound"", ""f2"": ""Solution Found"", ""f3"": ""Solution Found""}, ""level_order"": [""missing"", ""f1_priority_late"", ""f1_late"", ""f2"", ""f3""], ""solution_source"": ""milp"", ""solve_seconds"": 58.822}",p5_stage3_self_run
stage3_m2_s2_n13,2,13,m2,mixed,4,55.0,44.92716,0.0,0,0.0,0,0,0,0,58.551,1,1,224.635802,316.09176,data/processed/p5/stage3_task_capacity/stage3_inputs/seed_2/n_13/tasks.csv,data/processed/p5/stage3_task_capacity/stage3_inputs/seed_2/n_13/amrs.csv,data/processed/p5/stage3_task_capacity/stage3_p2_outputs/m2_seed_2_n_13,"{""level_values"": {""missing"": 0, ""f1_priority_late"": 0.0, ""f1_late"": 0.0, ""f2"": 224.6358, ""f3"": 302.7106}, ""level_status"": {""missing"": ""skipped_at_lower_bound"", ""f1_priority_late"": ""skipped_at_lower_bound"", ""f1_late"": ""skipped_at_lower_bound"", ""f2"": ""Solution Found"", ""f3"": ""Solution Found""}, ""level_order"": [""missing"", ""f1_priority_late"", ""f1_late"", ""f2"", ""f3""], ""solution_source"": ""warm_start_fallback"", ""solve_seconds"": 58.55}",p5_stage3_self_run
stage3_m2_s2_n14,2,14,m2,mixed,4,55.0,50.464815,0.0,0,0.0,0,0,0,0,58.234,1,1,252.324074,352.905593,data/processed/p5/stage3_task_capacity/stage3_inputs/seed_2/n_14/tasks.csv,data/processed/p5/stage3_task_capacity/stage3_inputs/seed_2/n_14/amrs.csv,data/processed/p5/stage3_task_capacity/stage3_p2_outputs/m2_seed_2_n_14,"{""level_values"": {""missing"": 0, ""f1_priority_late"": 0.0, ""f1_late"": 0.0, ""f2"": 252.324075, ""f3"": 344.47515}, ""level_status"": {""missing"": ""skipped_at_lower_bound"", ""f1_priority_late"": ""skipped_at_lower_bound"", ""f1_late"": ""skipped_at_lower_bound"", ""f2"": ""Solution Found"", ""f3"": ""Solution Found""}, ""level_order"": [""missing"", ""f1_priority_late"", ""f1_late"", ""f2"", ""f3""], ""solution_source"": ""warm_start_fallback"", ""solve_seconds"": 58.233}",p5_stage3_self_run
stage3_m2_s2_n15,2,15,m2,mixed,4,55.0,51.536889,0.0,0,0.0,0,0,0,0,58.271,1,1,257.684444,371.018274,data/processed/p5/stage3_task_capacity/stage3_inputs/seed_2/n_15/tasks.csv,data/processed/p5/stage3_task_capacity/stage3_inputs/seed_2/n_15/amrs.csv,data/processed/p5/stage3_task_capacity/stage3_p2_outputs/m2_seed_2_n_15,"{""level_values"": {""missing"": 0, ""f1_priority_late"": 0.0, ""f1_late"": 0.0, ""f2"": 257.684445, ""f3"": 366.23309}, ""level_status"": {""missing"": ""skipped_at_lower_bound"", ""f1_priority_late"": ""skipped_at_lower_bound"", ""f1_late"": ""skipped_at_lower_bound"", ""f2"": ""Solution Found"", ""f3"": ""Solution Found""}, ""level_order"": [""missing"", ""f1_priority_late"", ""f1_late"", ""f2"", ""f3""], ""solution_source"": ""milp"", ""solve_seconds"": 58.27}",p5_stage3_self_run
stage3_m2_s2_n16,2,16,m2,mixed,4,55.0,55.51202,0.0,0,0.0,0,0,0,0,58.244,1,0,277.560101,406.978224,data/processed/p5/stage3_task_capacity/stage3_inputs/seed_2/n_16/tasks.csv,data/processed/p5/stage3_task_capacity/stage3_inputs/seed_2/n_16/amrs.csv,data/processed/p5/stage3_task_capacity/stage3_p2_outputs/m2_seed_2_n_16,"{""level_values"": {""missing"": 0, ""f1_priority_late"": 0.0, ""f1_late"": 0.0, ""f2"": 277.5601, ""f3"": 404.376}, ""level_status"": {""missing"": ""skipped_at_lower_bound"", ""f1_priority_late"": ""skipped_at_lower_bound"", ""f1_late"": ""skipped_at_lower_bound"", ""f2"": ""Solution Found"", ""f3"": ""Solution Found""}, ""level_order"": [""missing"", ""f1_priority_late"", ""f1_late"", ""f2"", ""f3""], ""solution_source"": ""milp"", ""solve_seconds"": 58.244}",p5_stage3_self_run
stage3_m2_s2_n17,2,17,m2,mixed,4,55.0,66.682111,21.487667,2,2.0,0,0,0,0,114.514,1,0,1407.793889,527.116822,data/processed/p5/stage3_task_capacity/stage3_inputs/seed_2/n_17/tasks.csv,data/processed/p5/stage3_task_capacity/stage3_inputs/seed_2/n_17/amrs.csv,data/processed/p5/stage3_task_capacity/stage3_p2_outputs/m2_seed_2_n_17,"{""level_values"": {""missing"": 0, ""f1_priority_late"": 2.0, ""f1_late"": 2.0, ""f2"": 1407.793885, ""f3"": 519.00571}, ""level_status"": {""missing"": ""skipped_at_lower_bound"", ""f1_priority_late"": ""Solution Found"", ""f1_late"": ""Solution Found"", ""f2"": ""Solution Found"", ""f3"": ""Solution Found""}, ""level_order"": [""missing"", ""f1_priority_late"", ""f1_late"", ""f2"", ""f3""], ""solution_source"": ""milp"", ""solve_seconds"": 114.513}",p5_stage3_self_run
stage3_m2_s2_n18,2,18,m2,mixed,4,55.0,66.421222,23.30496,2,2.0,0,0,0,0,113.582,1,0,1497.354091,543.3972,data/processed/p5/stage3_task_capacity/stage3_inputs/seed_2/n_18/tasks.csv,data/processed/p5/stage3_task_capacity/stage3_inputs/seed_2/n_18/amrs.csv,data/processed/p5/stage3_task_capacity/stage3_p2_outputs/m2_seed_2_n_18,"{""level_values"": {""missing"": 0, ""f1_priority_late"": 2.0, ""f1_late"": 2.0, ""f2"": 1497.35406, ""f3"": 539.51942}, ""level_status"": {""missing"": ""skipped_at_lower_bound"", ""f1_priority_late"": ""Solution Found"", ""f1_late"": ""Solution Found"", ""f2"": ""Solution Found"", ""f3"": ""Solution Found""}, ""level_order"": [""missing"", ""f1_priority_late"", ""f1_late"", ""f2"", ""f3""], ""solution_source"": ""milp"", ""solve_seconds"": 113.581}",p5_stage3_self_run
stage3_m2_s2_n19,2,19,m2,mixed,4,55.0,66.143838,30.152517,3,4.0,0,0,0,0,112.77,1,0,2082.948765,513.738828,data/processed/p5/stage3_task_capacity/stage3_inputs/seed_2/n_19/tasks.csv,data/processed/p5/stage3_task_capacity/stage3_inputs/seed_2/n_19/amrs.csv,data/processed/p5/stage3_task_capacity/stage3_p2_outputs/m2_seed_2_n_19,"{""level_values"": {""missing"": 0, ""f1_priority_late"": 4.0, ""f1_late"": 3.0, ""f2"": 2082.948734, ""f3"": 497.33438}, ""level_status"": {""missing"": ""skipped_at_lower_bound"", ""f1_priority_late"": ""Solution Found"", ""f1_late"": ""Solution Found"", ""f2"": ""Solution Found"", ""f3"": ""Solution Found""}, ""level_order"": [""missing"", ""f1_priority_late"", ""f1_late"", ""f2"", ""f3""], ""solution_source"": ""milp"", ""solve_seconds"": 112.769}",p5_stage3_self_run
stage3_m2_s2_n20,2,20,m2,mixed,4,55.0,72.735333,38.074121,2,2.0,0,0,0,0,110.583,1,0,2267.382727,624.138074,data/processed/p5/stage3_task_capacity/stage3_inputs/seed_2/n_20/tasks.csv,data/processed/p5/stage3_task_capacity/stage3_inputs/seed_2/n_20/amrs.csv,data/processed/p5/stage3_task_capacity/stage3_p2_outputs/m2_seed_2_n_20,"{""level_values"": {""missing"": 0, ""f1_priority_late"": 2.0, ""f1_late"": 2.0, ""f2"": 2267.382715, ""f3"": 620.69733}, ""level_status"": {""missing"": ""skipped_at_lower_bound"", ""f1_priority_late"": ""Solution Found"", ""f1_late"": ""Solution Found"", ""f2"": ""Solution Found"", ""f3"": ""Solution Found""}, ""level_order"": [""missing"", ""f1_priority_late"", ""f1_late"", ""f2"", ""f3""], ""solution_source"": ""milp"", ""solve_seconds"": 110.582}",p5_stage3_self_run
stage3_m2_s2_n21,2,21,m2,mixed,4,55.0,73.946111,83.460605,4,4.0,0,0,0,0,112.175,1,0,4542.760802,593.067416,data/processed/p5/stage3_task_capacity/stage3_inputs/seed_2/n_21/tasks.csv,data/processed/p5/stage3_task_capacity/stage3_inputs/seed_2/n_21/amrs.csv,data/processed/p5/stage3_task_capacity/stage3_p2_outputs/m2_seed_2_n_21,"{""level_values"": {""missing"": 0, ""f1_priority_late"": 4.0, ""f1_late"": 4.0, ""f2"": 4542.760795, ""f3"": 586.71691}, ""level_status"": {""missing"": ""skipped_at_lower_bound"", ""f1_priority_late"": ""Solution Found"", ""f1_late"": ""Solution Found"", ""f2"": ""Solution Found"", ""f3"": ""Solution Found""}, ""level_order"": [""missing"", ""f1_priority_late"", ""f1_late"", ""f2"", ""f3""], ""solution_source"": ""milp"", ""solve_seconds"": 112.174}",p5_stage3_self_run
stage3_m2_s2_n22,2,22,m2,mixed,4,55.0,82.188333,90.678988,4,5.0,0,0,0,0,112.41,1,0,5506.220679,701.746838,data/processed/p5/stage3_task_capacity/stage3_inputs/seed_2/n_22/tasks.csv,data/processed/p5/stage3_task_capacity/stage3_inputs/seed_2/n_22/amrs.csv,data/processed/p5/stage3_task_capacity/stage3_p2_outputs/m2_seed_2_n_22,"{""level_values"": {""missing"": 0, ""f1_priority_late"": 5.0, ""f1_late"": 4.0, ""f2"": 5506.220655, ""f3"": 695.39633}, ""level_status"": {""missing"": ""skipped_at_lower_bound"", ""f1_priority_late"": ""Solution Found"", ""f1_late"": ""Solution Found"", ""f2"": ""Solution Found"", ""f3"": ""Solution Found""}, ""level_order"": [""missing"", ""f1_priority_late"", ""f1_late"", ""f2"", ""f3""], ""solution_source"": ""milp"", ""solve_seconds"": 112.408}",p5_stage3_self_run
stage3_m2_s2_n23,2,23,m2,mixed,4,55.0,90.696296,117.682914,5,5.0,0,0,0,0,112.169,1,0,6337.62716,781.175066,data/processed/p5/stage3_task_capacity/stage3_inputs/seed_2/n_23/tasks.csv,data/processed/p5/stage3_task_capacity/stage3_inputs/seed_2/n_23/amrs.csv,data/processed/p5/stage3_task_capacity/stage3_p2_outputs/m2_seed_2_n_23,"{""level_values"": {""missing"": 0, ""f1_priority_late"": 5.0, ""f1_late"": 5.0, ""f2"": 6337.62716, ""f3"": 775.21436}, ""level_status"": {""missing"": ""skipped_at_lower_bound"", ""f1_priority_late"": ""Solution Found"", ""f1_late"": ""Solution Found"", ""f2"": ""Solution Found"", ""f3"": ""Solution Found""}, ""level_order"": [""missing"", ""f1_priority_late"", ""f1_late"", ""f2"", ""f3""], ""solution_source"": ""warm_start_fallback"", ""solve_seconds"": 112.168}",p5_stage3_self_run
stage3_m2_s2_n24,2,24,m2,mixed,4,55.0,96.915062,173.467253,6,7.0,0,0,0,0,112.172,1,0,9792.595511,828.441292,data/processed/p5/stage3_task_capacity/stage3_inputs/seed_2/n_24/tasks.csv,data/processed/p5/stage3_task_capacity/stage3_inputs/seed_2/n_24/amrs.csv,data/processed/p5/stage3_task_capacity/stage3_p2_outputs/m2_seed_2_n_24,"{""level_values"": {""missing"": 0, ""f1_priority_late"": 7.0, ""f1_late"": 6.0, ""f2"": 9792.59555, ""f3"": 828.44128}, ""level_status"": {""missing"": ""skipped_at_lower_bound"", ""f1_priority_late"": ""Solution Found"", ""f1_late"": ""Solution Found"", ""f2"": ""Solution Found"", ""f3"": ""Solution Found""}, ""level_order"": [""missing"", ""f1_priority_late"", ""f1_late"", ""f2"", ""f3""], ""solution_source"": ""milp"", ""solve_seconds"": 112.17}",p5_stage3_self_run
stage3_m2_s2_n25,2,25,m2,mixed,4,55.0,103.482593,193.426223,6,7.0,0,0,0,1,29.226,0,0,10990.100797,887.85737,data/processed/p5/stage3_task_capacity/stage3_inputs/seed_2/n_25/tasks.csv,data/processed/p5/stage3_task_capacity/stage3_inputs/seed_2/n_25/amrs.csv,data/processed/p5/stage3_task_capacity/stage3_p2_outputs/m2_seed_2_n_25,"{""level_values"": {}, ""level_status"": {""missing"": ""no_solution(No Solution Found)""}, ""level_order"": [""missing"", ""f1_priority_late"", ""f1_late"", ""f2"", ""f3""], ""solution_source"": ""warm_start_fallback"", ""solve_seconds"": 29.224}",p5_stage3_self_run
stage3_m2_s2_n26,2,26,m2,mixed,4,55.0,113.444333,330.515013,10,14.0,0,0,0,1,30.469,0,0,19556.287189,949.119178,data/processed/p5/stage3_task_capacity/stage3_inputs/seed_2/n_26/tasks.csv,data/processed/p5/stage3_task_capacity/stage3_inputs/seed_2/n_26/amrs.csv,data/processed/p5/stage3_task_capacity/stage3_p2_outputs/m2_seed_2_n_26,"{""level_values"": {}, ""level_status"": {""missing"": ""no_solution(No Solution Found)""}, ""level_order"": [""missing"", ""f1_priority_late"", ""f1_late"", ""f2"", ""f3""], ""solution_source"": ""warm_start_fallback"", ""solve_seconds"": 30.467}",p5_stage3_self_run
stage3_m2_s2_n27,2,27,m2,mixed,4,55.0,106.800494,228.352389,7,9.0,0,0,0,2,29.987,0,0,13983.975477,890.011308,data/processed/p5/stage3_task_capacity/stage3_inputs/seed_2/n_27/tasks.csv,data/processed/p5/stage3_task_capacity/stage3_inputs/seed_2/n_27/amrs.csv,data/processed/p5/stage3_task_capacity/stage3_p2_outputs/m2_seed_2_n_27,"{""level_values"": {}, ""level_status"": {""missing"": ""no_solution(No Solution Found)""}, ""level_order"": [""missing"", ""f1_priority_late"", ""f1_late"", ""f2"", ""f3""], ""solution_source"": ""warm_start_fallback"", ""solve_seconds"": 29.985}",p5_stage3_self_run
stage3_m2_s2_n28,2,28,m2,mixed,4,55.0,103.947556,302.977395,9,11.0,0,0,0,4,30.761,0,0,17022.609046,783.216978,data/processed/p5/stage3_task_capacity/stage3_inputs/seed_2/n_28/tasks.csv,data/processed/p5/stage3_task_capacity/stage3_inputs/seed_2/n_28/amrs.csv,data/processed/p5/stage3_task_capacity/stage3_p2_outputs/m2_seed_2_n_28,"{""level_values"": {}, ""level_status"": {""missing"": ""no_solution(No Solution Found)""}, ""level_order"": [""missing"", ""f1_priority_late"", ""f1_late"", ""f2"", ""f3""], ""solution_source"": ""warm_start_fallback"", ""solve_seconds"": 30.758}",p5_stage3_self_run
stage3_m2_s2_n29,2,29,m2,mixed,4,55.0,106.926263,299.891407,9,13.0,0,0,0,4,29.987,0,0,19224.395926,795.551861,data/processed/p5/stage3_task_capacity/stage3_inputs/seed_2/n_29/tasks.csv,data/processed/p5/stage3_task_capacity/stage3_inputs/seed_2/n_29/amrs.csv,data/processed/p5/stage3_task_capacity/stage3_p2_outputs/m2_seed_2_n_29,"{""level_values"": {}, ""level_status"": {""missing"": ""no_solution(No Solution Found)""}, ""level_order"": [""missing"", ""f1_priority_late"", ""f1_late"", ""f2"", ""f3""], ""solution_source"": ""warm_start_fallback"", ""solve_seconds"": 29.984}",p5_stage3_self_run
stage3_m2_s2_n30,2,30,m2,mixed,4,55.0,114.868778,339.53371,10,13.0,0,0,0,5,30.889,0,0,20543.539411,917.206812,data/processed/p5/stage3_task_capacity/stage3_inputs/seed_2/n_30/tasks.csv,data/processed/p5/stage3_task_capacity/stage3_inputs/seed_2/n_30/amrs.csv,data/processed/p5/stage3_task_capacity/stage3_p2_outputs/m2_seed_2_n_30,"{""level_values"": {}, ""level_status"": {""missing"": ""no_solution(No Solution Found)""}, ""level_order"": [""missing"", ""f1_priority_late"", ""f1_late"", ""f2"", ""f3""], ""solution_source"": ""warm_start_fallback"", ""solve_seconds"": 30.887}",p5_stage3_self_run
